detector,Cora,Amazon,Flickr,Weibo,Reddit,Disney,Books,Enron,DGraph
LOF,0.122,0.056,0.054,0.158,0.042,0.052,0.015,0.0,
IF,0.101,0.062,0.082,0.129,0.028,0.101,0.019,0.001,0.018
MLPAE,0.132,0.348,0.187,0.528,0.034,0.059,0.018,0.001,0.009
SCAN,0.12,0.138,0.246,0.173,0.033,0.05,0.02,0.0,
Radar,0.075,0.123,,0.921,0.036,0.072,0.022,0.002,
ANOMALOUS,0.059,0.117,,0.921,0.04,0.072,0.022,0.002,
GCNAE,0.132,0.348,0.18,0.708,0.034,0.048,0.021,0.001,0.01
DOMINANT,0.2,0.16,0.286,0.18,0.037,0.076,0.022,0.001,
DONE,0.25,0.193,0.2,0.655,0.037,0.05,0.018,0.001,
AdONE,0.193,0.237,0.182,0.629,0.033,0.061,0.025,0.001,
AnomalyDAE,0.183,0.24,0.123,0.385,0.037,0.057,0.035,0.001,
GAAN,0.146,0.345,0.186,0.803,0.037,0.056,0.026,0.001,
GUIDE,0.14,,,,,0.048,0.019,,
CONAD,0.171,0.155,0.088,0.156,0.037,0.06,0.025,0.001,0.009
