file,IForest,LOF,PCA,HBOS,OCSVM,MCD,KNN,KMeansAD,COPOD,CBLOF,EIF,RobustPCA,AutoEncoder,CNN,LSTMAD,TranAD,AnomalyTransformer,OmniAnomaly,USAD,Donut,TimesNet,FITS,OFA,ts_len,anomaly_len,num_anomaly,avg_anomaly_len,anomaly_ratio,point_anomaly,seq_anomaly
001_Genesis_id_1_Sensor_tr_4055_1st_15538.csv,0.0808798947062263,0.0795582690841015,0.0191862187111137,0.0769823525821735,0.0755064817203203,0.0588616430728093,0.0374581520327016,0.8909267796127140,0.0768136271840072,0.0243701574180411,0.0576369532257716,0.0049073190653246,0.0067991449688588,0.1008839318972670,0.0368911654653274,0.0363523856524792,0.0139559206957883,0.0034345968574615,0.0034345968574615,0.1771911988224530,0.0192888573223473,0.0963735066677776,0.2182861274575160,16220,50,3,16.666666666666700,0.00308261405672,0,1
002_MSL_id_1_Sensor_tr_500_1st_900.csv,0.1210039055471920,0.1786244544836800,0.1284328310778200,0.1240126700589560,0.1860276081770160,0.1477910397613830,0.1785634376738190,0.9960656085287,0.1240126700589560,0.1346336473316040,0.1951786802494330,0.0323745369437144,0.1691533449688930,0.2057411518686490,0.1555158153516730,0.0334057264039409,0.1491307879404540,0.0249208163561295,0.0695437249232218,0.130816345978285,0.0495270648279296,0.0421948378787069,0.0758049719232074,1827,11,1,11.0,0.0060207991242474,0,1
003_MSL_id_2_Sensor_tr_883_1st_1238.csv,0.0800736678820842,0.0752950533699904,0.1617926574717950,0.0914648935834253,0.0909088533770198,0.0707839973505618,0.0838864971338051,0.3009849100983020,0.0854438811124931,0.0934875512542289,0.0965999003404989,0.048692828966958,0.0812405000021305,0.0772477833309902,0.1344270032304960,0.199372232079333,0.1500276110302440,0.0680470491678578,0.0495219095871665,0.2050689149644830,0.0821812043628205,0.06576648144187,0.0788118881426434,3535,228,2,114.0,0.0644978783592645,0,1
005_MSL_id_4_Sensor_tr_855_1st_2700.csv,0.0476260031624537,0.0594872377653271,0.0682441341000117,0.0914422684080773,0.0357253095670433,0.1074818435686600,0.0759962097283504,0.1132038200828640,0.1104064908517580,0.077101706792526,0.0932792358701746,0.0316888577434469,0.1053696396360180,0.0783803952151992,0.0841537186593886,0.0428899554713266,0.0646701767411846,0.0241985080446447,0.0158323339930094,0.0826378736314292,0.0392014633597659,0.0467456235014051,0.0818535644825817,3422,71,1,71.0,0.0207481005260081,0,1
006_MSL_id_5_Sensor_tr_1150_1st_1250.csv,0.1097019863525370,0.0782597640084357,0.1133523835317390,0.1124378968888410,0.0647170804293077,0.1625609652998560,0.1149796669049940,0.2890772635781870,0.1203394741818730,0.1395053326123780,0.1124309755603080,0.1614828485457810,0.1471933534210260,0.1176540520735820,0.1214979449515130,0.0970416109334178,0.0784523923638925,0.0554971270653086,0.0601099429699475,0.4190173958477220,0.1826534947928390,0.1230975755215200,0.1140620990018160,5054,423,3,141.0,0.0836960823110407,0,1
007_MSL_id_6_Sensor_tr_980_1st_3550.csv,0.0583113100601043,0.0675713264811741,0.158457978995777,0.0964931790450119,0.050134745109167,0.0910822351430553,0.0597411016885517,0.0611827038535904,0.0789747371542438,0.082607165642714,0.0762783585477094,0.5868542510120390,0.0910655252166293,0.7531464071877080,0.6548663749783360,0.5976374104281580,0.3188645433268520,0.8644052684971410,0.8655608869925530,0.4486720834293930,0.6247334447471570,0.5557338271312530,0.2684494316700490,3922,151,1,151.0,0.0385007649158592,0,1
008_MSL_id_7_Sensor_tr_656_1st_1630.csv,0.8746965563399120,0.2375423885048020,0.3375044140366040,0.9298375051294740,0.9102426785184570,0.8642856582622020,0.4677378093172360,0.507050068771199,0.8831279004980370,0.8471000411289800,0.4330887466955450,0.1259595353118620,0.9236583892004310,0.9316206770622770,0.1636386825082350,0.2263305069887970,0.1321353848658810,0.0738612736532544,0.0589137816233114,0.4136713528938180,0.1643556095391030,0.3724002691205560,0.1756167361405370,2625,222,2,111.0,0.0845714285714285,0,1
009_MSL_id_8_Sensor_tr_714_1st_1390.csv,0.0260096401343889,0.0252076779777143,0.0322128607981019,0.0227689795679518,0.0241000743562168,0.0187243879681891,0.0222555730650102,0.0168567755126596,0.0199377183390092,0.0176201227579899,0.0182447526550668,0.0418400964259534,0.0299526352481941,0.0998229863702508,0.0347343816626565,0.0414639856294763,0.0259906162106126,0.0179305824489282,0.0419521275899766,0.0622815037038514,0.0228624741853782,0.0163746731060844,0.1476322660357970,2856,21,1,21.0,0.0073529411764705,0,1
010_MSL_id_9_Sensor_tr_554_1st_1172.csv,0.0486924403956188,0.0577545375641167,0.0476447418873869,0.05544151241323,0.099112949362464,0.0405233258342113,0.0710935319406251,0.0287315465257016,0.0637073318665243,0.043470250401667,0.056547469037327,0.0547954189550912,0.0793838879042228,0.0864013043991633,0.0526529195096313,0.0517719835499522,0.0444450307737795,0.0396064647900708,0.0495439936519423,0.0312317932156027,0.0410780525772819,0.0531088331949105,0.070634228533117,2217,69,1,69.0,0.0311231393775372,0,1
012_MSL_id_11_Sensor_tr_539_1st_940.csv,0.5735362066592,0.0981531052041069,0.2254993132529940,0.5544192706487290,0.5050041514017960,0.443158059278045,0.4614373831415880,0.6464882828568290,0.6117753189125950,0.493609290786443,0.50615382463076,0.1205855798505870,0.5085349176959640,0.6451571767546870,0.1060060254622950,0.3814065652588200,0.1504880677845310,0.1792720929797380,0.0721911467371412,0.5708424586270110,0.3579613436724370,0.4007105282699110,0.2871125761620450,2156,101,1,101.0,0.0468460111317254,0,1
013_MSL_id_12_Sensor_tr_554_1st_1200.csv,0.0929513286939271,0.1978951643280130,0.0890081796118569,0.1597365255469960,0.1991822482805100,0.1559776594504840,0.197916787624122,0.9971328585900050,0.1597365255469960,0.1583498603758320,0.1682835340940050,0.0359699593093874,0.215899977094968,0.2828982018400300,0.0643071093154603,0.0336293811349385,0.1221864703031020,0.0142649223470605,0.0182315770411118,0.2418383385151200,0.0611748681111224,0.0410328586600203,0.0812476146997252,2218,26,1,26.0,0.011722272317403,0,1
014_MSL_id_13_Sensor_tr_1525_1st_4575.csv,0.0677884635785989,0.1146446190685100,0.1311183782421940,0.1733093960025500,0.065466384023783,0.0658160737778576,0.1562367985215130,0.6818744376521750,0.0622084449451795,0.1563520738672250,0.0882496439349423,0.4215447162029820,0.0649639031559114,0.2293868694854420,0.2120290304921360,0.2273961386509420,0.038398229491395,0.3796809199354800,0.3829726311307220,0.229985009966871,0.3200520359572880,0.2696190839926250,0.1562899773006800,6100,181,1,181.0,0.0296721311475409,0,1
015_MSL_id_14_Sensor_tr_575_1st_1250.csv,0.1865803903079620,0.3184009877248700,0.1458377865683650,0.2848761048612200,0.2135915498672220,0.1192157724673360,0.1978124902435800,0.5684500440083120,0.1526795457222680,0.2652227692129880,0.2074583139108260,0.1843138435744870,0.1161272837340390,0.1122282371710710,0.1491312003199640,0.1551051541251690,0.1332398016290920,0.1026791840048210,0.1353421849569480,0.1721648306823420,0.1358707130890880,0.1210224780675130,0.1138509329258610,2303,301,1,301.0,0.1306990881458970,0,1
016_MSL_id_15_Sensor_tr_500_1st_780.csv,0.4574889546228530,0.2239500358930330,0.2220409585621240,0.4175708067701070,0.3223686524528690,0.3418485389789500,0.3294372145902240,0.8353489403567500,0.4067292567856040,0.4205092004193690,0.355540951082416,0.3232454813792380,0.3396964816285940,0.3359083413441750,0.1152910341986540,0.3330185594389660,0.1074188212620500,0.2065499939003250,0.3677648034441420,0.2197690405011860,0.0578301098795257,0.0751446867805206,0.0833898944842744,1096,112,2,56.0,0.1021897810218980,0,1
017_MSL_id_16_Sensor_tr_512_1st_1850.csv,0.2288141458045480,0.1642382333675450,0.2198794451974120,0.1109585080204110,0.2603022265980910,0.5704758475790110,0.1269988117338470,0.0518925989553755,0.112017267018268,0.0755025384095162,0.085188187295057,0.9586721304457110,0.1931220236452390,0.9758395404292480,0.9833679823928830,0.9718356155972550,0.104007709727999,0.9785560643190610,0.974401519527834,0.9746233792833640,0.2688841154109110,0.2241416092623500,0.192455318850188,2049,181,1,181.0,0.0883357735480722,0,1
018_Daphnet_id_1_HumanActivity_tr_9693_1st_20732.csv,0.1325529073738040,0.1138642044207170,0.1301094857779230,0.1474174749419060,0.0638367501230461,0.1353769685727200,0.2463156926982800,0.2971852100790330,0.1138950638048,0.0960284987886096,0.1538844391397570,0.0621616449062154,0.1294645060913200,0.2084853862238510,0.3106877683707610,0.3109493795168260,0.072422781983657,0.3404321188857820,0.3404924790834230,0.1738925644389670,0.2747788285440360,0.3340964190937120,0.3054994153752190,38774,2306,6,384.3333333333330,0.0594728426265022,0,1
019_MITDB_id_1_Medical_tr_37500_1st_103211.csv,0.1347254251218960,0.1252417480569960,0.1762024977615920,0.1347254251218960,0.1344904093137300,0.1409048315103700,0.1254629798409200,0.177344162098905,0.1420355527669400,0.1416436780675500,0.140752318606782,0.1628135169017240,0.134817183522516,0.2777642017005240,0.2069627468177440,0.1986290595772760,0.1972403498617160,0.2196557048863400,0.2153332364699750,0.197187569446815,0.1999674246207670,0.1917352124925080,0.1664677050864540,150000,18610,1,18610.0,0.1240666666666670,0,1
020_MITDB_id_2_Medical_tr_50000_1st_52315.csv,0.0018197980446365,0.0017745513843,0.0041366201735899,0.0018197980446365,0.0017373815126045,0.0018119089625282,0.0017745513843,0.0014767205945186,0.001828088860112,0.0017846979332156,0.001662839445932,0.004642418100535,0.0018197980446365,0.0131829258010411,0.0057791730262463,0.0071850505156628,0.0024873286988262,0.0170009266332494,0.0221555935612716,0.0079101123165476,0.0050316961331403,0.0025432284982847,0.0032468689194449,650000,1047,2,523.5,0.0016107692307692,0,1
021_MITDB_id_3_Medical_tr_50000_1st_57595.csv,0.0213917002891065,0.0222378791265981,0.0204036206728189,0.0213917002891065,0.0232700651194914,0.0204353066346523,0.0222375581580829,0.0542622182745602,0.0211548326988462,0.0235598274888749,0.0218600432308744,0.0185045775148555,0.0213917002891065,0.0665544732568446,0.0637608109224236,0.0181150789370163,0.0187028031919441,0.0140914111589105,0.0166853414038668,0.02267899730728,0.015807936178943,0.0255387111211143,0.0204682268685979,500000,8810,18,489.44444444444400,0.01762,0,1
022_MITDB_id_4_Medical_tr_50000_1st_54253.csv,0.0508759752660598,0.0487333754383551,0.0412214093413869,0.0508949286608119,0.0472174906132317,0.0491468167131707,0.0487457666581258,0.1370723153587040,0.0546500146421062,0.0520949279812187,0.0620772865277341,0.0394625977774172,0.0508949286608119,0.0835393387276557,0.0626666758165035,0.051024376464972,0.0465606244614768,0.0474979767437196,0.0474073183172906,0.0637224208860103,0.054818596131654,0.0454580989532395,0.0493686425626704,300000,13293,25,531.72,0.04431,0,1
024_MITDB_id_6_Medical_tr_50000_1st_58118.csv,0.0020342771635943,0.0020311459994875,0.0119550651068507,0.0020342771635943,0.0021873451915733,0.0018839068201036,0.0020311459994875,0.0016908296619811,0.001829229012122,0.0017239460174624,0.0019853278475118,0.0209900820376676,0.0020342771635943,0.0304908148672499,0.0178219844525116,0.0926382016600448,0.0113291914702392,0.1062683713961440,0.1460043732641010,0.0135827147377994,0.0157101422792794,0.0098726243697315,0.0063306228846208,200000,353,1,353.0,0.001765,0,1
025_MITDB_id_7_Medical_tr_37500_1st_88864.csv,0.0312087032092114,0.0301249037429538,0.1389648789413060,0.0312087032092114,0.0325045626557949,0.0289337821332799,0.0300979641033627,0.0316447625555731,0.02692363018962,0.031563296036291,0.0249868954106982,0.0246969337444705,0.0324845592513098,0.5577890606279380,0.2453117966266540,0.1592103654702980,0.0864076986401714,0.325017068881078,0.3250192840828520,0.5153219347394760,0.2092326796838890,0.0982756851026602,0.1768920710985450,150000,3696,6,616.0,0.02464,0,1
026_MITDB_id_8_Medical_tr_30495_1st_30595.csv,0.0647871153491471,0.066188404308303,0.1014861067626300,0.0647871153491471,0.0678568055708431,0.0663077269952526,0.0661824714611884,0.1023333247095830,0.0655351215436787,0.0637484175043107,0.0670169802004671,0.0567985130517491,0.0648065314955644,0.2329922865251940,0.1597102474992160,0.086004148491475,0.0964894400562855,0.2424360276424480,0.2383623930012880,0.2402986405025350,0.0750142705534861,0.089532382046675,0.0816081877622151,400000,26233,48,546.5208333333330,0.0655825,0,1
027_MITDB_id_9_Medical_tr_25000_1st_52255.csv,0.0057958362863656,0.0048370847648312,0.0108091868990889,0.0057605760753424,0.0058449999541202,0.0049981550437108,0.0048143595214234,0.0214009849490874,0.0057608876602655,0.0064113632660834,0.0053540557588814,0.0097130562040208,0.0061741175352607,0.021454439391828,0.0211580567622032,0.0128755579108341,0.0077260684436666,0.0126487518738136,0.0109377309898943,0.0143717393490514,0.0143893575983905,0.0097653292000387,0.0152108805554355,100000,433,1,433.0,0.00433,0,1
029_MITDB_id_11_Medical_tr_50000_1st_518037.csv,0.0087118941444812,0.0031283393236404,0.1186617287886830,0.0087118941444812,0.0090291601009467,0.0030977975533498,0.0031283393236404,0.0312434491089932,0.008290859423502,0.0100390137681987,0.0064259421126801,0.0024976722484624,0.0087118941444812,0.1467708731107590,0.1242605673628550,0.0875940450637835,0.0036498524233402,0.1873157902759860,0.1804657409161970,0.1478288969354910,0.0523914765069565,0.0226100187994941,0.0138927801216184,600000,1750,5,350.0,0.0029166666666666,0,1
030_MITDB_id_12_Medical_tr_50000_1st_84572.csv,0.0602849801885326,0.0555441511376049,0.0660283086847466,0.0602849801885326,0.0599565829559293,0.0554270290025385,0.0555441034581777,0.1027069757586410,0.0651701693242353,0.0627627974360199,0.0641634637871074,0.0519009142618871,0.0604462184094755,0.082000801138868,0.0738850802305283,0.0594801766997245,0.0596642128383476,0.0609850168619461,0.060848852793579,0.0716892182074269,0.0746241753819505,0.0642630127279462,0.0680825547635137,620000,26771,59,453.7457627118640,0.0431790322580645,0,1
031_MITDB_id_13_Medical_tr_50000_1st_79433.csv,0.0300360282547597,0.0292080680218928,0.0279809478688346,0.0300360282547597,0.0298283800331338,0.0291686521961558,0.0292080680218928,0.0336631854634044,0.0317808035000099,0.03050901969429,0.0318783453220893,0.0302408703560907,0.0300316043078528,0.0327046061282522,0.0302296163357681,0.0295486146730857,0.0336087489966272,0.0278528580144208,0.0295491506881831,0.0299167730360624,0.0300382468746202,0.0280142258587983,0.0273371172747024,450000,9807,28,350.25,0.0217933333333333,0,1
032_GHL_id_1_Sensor_tr_50000_1st_65001.csv,0.0106319187415038,0.0079198950868685,0.0060221987655127,0.0107151735191752,0.0101255145109197,0.008011200011606,0.0063423979039347,0.0264256936777046,0.008775775560172,0.0117745156140492,0.0154129846073901,0.0109603623552125,0.0082894441506856,0.0088912470917117,0.0108952044845138,0.0107172588789513,0.0091656117222563,0.0112585354104657,0.0112574004682335,0.0078690517971217,0.0070247220344332,0.0063500382146876,0.00579173339132,200001,1850,2,925.0,0.0092499537502312,0,1
033_GHL_id_2_Sensor_tr_50000_1st_51001.csv,0.0069606383202063,0.0081284774764333,0.008374120630712,0.006793799658509,0.0130294960500078,0.0058864502147105,0.006419515225213,0.0229460950022417,0.0071106875963276,0.0108293912239,0.0104965693603203,0.0088880190463358,0.0058208336848716,0.0085920405119599,0.0090483661294202,0.0090256271625794,0.0094045475713198,0.0093907718405976,0.0093898363080708,0.0058802141184501,0.0063305031389935,0.0066234195064657,0.0060572762959751,200001,1847,2,923.5,0.0092349538252308,0,1
034_GHL_id_3_Sensor_tr_50000_1st_122001.csv,0.0075886981454227,0.0085772018822498,0.0065410803748648,0.009907352190163,0.0105674686932661,0.0097927999275739,0.0063186508100787,0.0226635261032278,0.0089057660335037,0.0100668364490457,0.0178981611064447,0.0133911209485728,0.0099012122570796,0.0118429734292586,0.0771898859655049,0.0619502503994689,0.0101055312522433,0.0755959701536081,0.0753979901641758,0.0113379828988143,0.0066335930268842,0.0062448600966728,0.0062763672016514,200001,1919,2,959.5,0.0095949520252398,0,1
035_GHL_id_4_Sensor_tr_50000_1st_90001.csv,0.0088278593047462,0.0123214481891203,0.0079823327722562,0.0100326635606557,0.011156492958271,0.0116914648401744,0.0088283485259219,0.022904746343214,0.0095986410335014,0.0143132617277353,0.0216428621324283,0.0245729571754899,0.0093133591808405,0.0115078195667963,0.052397687797118,0.0458217576471717,0.0143633661816317,0.0546803463056689,0.0546712279957208,0.0136247962969987,0.0093853573838052,0.0088328773460658,0.0085926769723098,200001,2713,3,904.3333333333330,0.0135649321753391,0,1
036_GHL_id_5_Sensor_tr_50000_1st_67147.csv,0.0090665829724127,0.0096072595182829,0.0121128656260018,0.0103360621945922,0.008210394622396,0.0108190935540582,0.008122962040804,0.0133727389924173,0.0108271184750452,0.0131424138098495,0.0144091918211648,0.2089867230424670,0.0081532338898687,0.0094221199671957,0.1745857332895740,0.1848124879285120,0.0207581699325377,0.1991659341306880,0.1991656948041930,0.0118747453046799,0.0091211778638068,0.0084818370878602,0.0078652853227185,200001,2283,2,1141.5,0.0114149429252853,0,1
037_GHL_id_6_Sensor_tr_50000_1st_80001.csv,0.0112387908847781,0.008013943539674,0.0094943251434223,0.0106547651776924,0.0179804810318553,0.0084855081196391,0.0065471993380338,0.0304711049108006,0.0112772681436822,0.0101110522076558,0.0164672563467684,0.0084483114355378,0.0077985226040883,0.0132068521473604,0.0102485545911802,0.0102485552807189,0.0127786610064781,0.0107186042203981,0.0107183282290293,0.0150273064369495,0.0064475205778867,0.0062791194109697,0.0060612989786721,200001,1866,2,933.0,0.0093299533502332,0,1
038_GHL_id_7_Sensor_tr_50000_1st_100001.csv,0.0059939332727356,0.0071786582957239,0.0061245229837025,0.0073851106405842,0.0123617232033956,0.0068187367390844,0.0062914297985232,0.0113393123374547,0.0069508709207763,0.0101130549352759,0.0113322827521909,0.0104096843108399,0.011232283568185,0.0094310032757561,0.1185979663619300,0.1156550995081100,0.0441473977494116,0.1341315852039450,0.134137942563697,0.0068902672311283,0.0060342482438915,0.006382357419754,0.0064786805883385,200001,1695,2,847.5,0.0084749576252118,0,1
039_GHL_id_8_Sensor_tr_50000_1st_63030.csv,0.0044001206303696,0.0047058306992148,0.0037841095977583,0.0039282585455212,0.0039255613901066,0.0042041810576554,0.0037323994574185,0.0110515626290067,0.004107396060964,0.0049098254589971,0.004630921943279,0.0155819804939547,0.006676203528814,0.0035719651968993,0.0507847763608938,0.0541799867817546,0.0061061154689102,0.0646009825821089,0.0645968613057198,0.0043777433193252,0.0038828013142923,0.0038402434767645,0.0035652598258948,200001,1168,1,1168.0,0.005839970800146,0,1
041_GHL_id_10_Sensor_tr_50000_1st_57001.csv,0.0064617882047249,0.0078165922847998,0.005408497448484,0.006066083659265,0.0137782205711293,0.0075335255234206,0.0064663725426976,0.0177580348726307,0.0069311907248401,0.0090158749280475,0.0152457108914907,0.0100845049272635,0.0139354341946869,0.0122017417604652,0.0077480028789128,0.007846494636988,0.0109379503813399,0.0083172173523993,0.0083162753630607,0.0063182723603839,0.0067104310217888,0.0061962071486433,0.0062288330635697,200001,1855,2,927.5,0.0092749536252318,0,1
042_GHL_id_11_Sensor_tr_50000_1st_150001.csv,0.0055461195439559,0.0065381054597494,0.0057237317353517,0.0060762271390406,0.0064141733198005,0.0151332115273119,0.005739980411689,0.0091877688328574,0.0064143760289482,0.0054933039421558,0.0068049034343172,0.0128012304559525,0.0134623587131699,0.0070361770430056,0.1071712612396770,0.0802378569813,0.0082337449954366,0.1001958007144630,0.0999673799627157,0.0593697066523661,0.0056764635570939,0.0057263415063807,0.006072539620902,200001,1546,2,773.0,0.0077299613501932,0,1
043_GHL_id_12_Sensor_tr_39938_1st_40038.csv,0.0240668936759667,0.0043441089897801,0.0132285212820742,0.0394020496088735,0.004615243615333,0.0035068780289309,0.0033954165804724,0.0279079378374291,0.0221868787883786,0.0152045214419484,0.0178992815897004,0.0200128367568658,0.0037287902765107,0.0098639939974582,0.3072804239082890,0.2122246738209750,0.0086932710765444,0.2714414477590130,0.2711163300450530,0.004369145008503,0.0034108580488331,0.0034066950986397,0.0039047889087028,200001,1051,1,1051.0,0.0052549737251313,0,1
044_GHL_id_13_Sensor_tr_50000_1st_145001.csv,0.0145728668997362,0.0077767075700448,0.0093882035183193,0.013727223548676,0.0084895331580867,0.0132259852386717,0.0062318532604701,0.0239526730016149,0.0117670710527189,0.0163658882749917,0.0145316198030019,0.0250497195409771,0.0133030008021262,0.0096420966420323,0.0176683978304455,0.0164973286816706,0.00969009062163,0.0179430489057304,0.0179442584492967,0.0564973090299701,0.006187924309828,0.0064460604846511,0.0063645198045331,200001,1849,2,924.5,0.0092449537752311,0,1
045_GHL_id_14_Sensor_tr_50000_1st_85076.csv,0.0437493492627529,0.0080453990603681,0.0231668084210057,0.0207912674552813,0.0167852149653132,0.0107740798391332,0.0064328424087332,0.0503499283538877,0.0188505039043272,0.0141997734520888,0.0197494820486502,0.0082593686251505,0.0667456662406805,0.014900081906068,0.0118529205085274,0.0115993399944915,0.0229400397280466,0.0127319878580577,0.0127539926197135,0.1041822677089200,0.0067827464555,0.0064766151370594,0.0060706496121141,200001,1771,2,885.5,0.0088549557252213,0,1
046_GHL_id_15_Sensor_tr_50000_1st_156462.csv,0.7612415483369300,0.0089315677482875,0.0307301158406346,0.6490559719539050,0.3275298846774330,0.019946376733995,0.0075139845996997,0.060678892168725,0.437677619533739,0.0514935128938906,0.0636334285619325,0.0035004766518159,0.6903202686294210,0.140776548367791,0.003499961184304,0.0034772798754398,0.0071411666695292,0.0034435520595186,0.0034434987640006,0.0505931747640858,0.0081706849907952,0.0047071093119782,0.0047498265593407,200001,1239,1,1239.0,0.0061949690251548,0,1
047_GHL_id_16_Sensor_tr_50000_1st_77001.csv,0.0125245487424159,0.0122290836536446,0.0085511578233472,0.0130777096031641,0.0222861342613611,0.0122647722731898,0.0089664940791352,0.0233931389112378,0.0114558102913129,0.0365218704688566,0.0269931673006969,0.011640990892016,0.0150181328929156,0.0177966301498721,0.0127960585221945,0.0126176421323043,0.0175173210156921,0.0132394437660042,0.0132362800812923,0.0105526654147194,0.0087132811489608,0.0086486642556852,0.0085238922556702,200001,2728,3,909.3333333333330,0.0136399318003409,0,1
048_GHL_id_17_Sensor_tr_50000_1st_154001.csv,0.0237338423730891,0.0166436182803379,0.0160052922414384,0.0292484527662827,0.0276128861339799,0.0314234238410067,0.0118493156960293,0.0479172744363794,0.0375798119717297,0.0308664288183769,0.0311965440529752,0.0263804461438519,0.027142526243045,0.0278737426951319,0.0402170945481221,0.039284215710315,0.0395616976480059,0.0434611663171141,0.0434561899652115,0.0396260298798939,0.0135791333583601,0.0122128010623338,0.0120667928704992,200001,3583,4,895.75,0.0179149104254478,0,1
050_GHL_id_19_Sensor_tr_43750_1st_55001.csv,0.040232370489332,0.0088771228397927,0.0273041541200044,0.0147896384841409,0.1253317055911770,0.038487771282514,0.0045868519892138,0.0186894750420088,0.0266120577038755,0.0380563481948349,0.0912412237164266,0.0035842135084093,0.0347871532935863,0.1003465086960020,0.0036271283429874,0.0035807100046063,0.2459494974192970,0.0035521475083787,0.0035520271841687,0.0065326110658697,0.0051133484535548,0.0043099171285633,0.0051684527853164,175001,1129,1,1129.0,0.0064513917063331,0,1
051_GHL_id_20_Sensor_tr_50000_1st_75110.csv,0.0042598348803993,0.0058313112680682,0.0041698003736841,0.0038375402628961,0.0055490391538842,0.0053082801135415,0.0038401402968596,0.0154004409155302,0.0035612340213558,0.0051500430167222,0.0061596900224236,0.0170380871015861,0.0058363973532929,0.0059502565030091,0.0232369811981726,0.0232202288540973,0.006221114893913,0.0304377276615971,0.0304209236471528,0.0062593158209075,0.0037213277266721,0.0036807166791975,0.0037440347308964,200001,1191,1,1191.0,0.0059549702251488,0,1
052_GHL_id_21_Sensor_tr_50000_1st_98001.csv,0.0037793974239009,0.0048899254092711,0.0036829728466388,0.0032801245137779,0.0097712876625972,0.0050968240513223,0.0031419722176326,0.0203050350492068,0.0039725644735874,0.0226398495825579,0.0180238320970002,0.0060672798842372,0.0059612392485339,0.0074417506205061,0.0049423030411459,0.0049779134501532,0.0050112416921645,0.0051739315424618,0.0051739854979051,0.0039420579130418,0.0031444383209616,0.0030633281007332,0.0030284375211959,200001,971,1,971.0,0.0048549757251213,0,1
053_GHL_id_22_Sensor_tr_50000_1st_126448.csv,0.0270048838923485,0.0279875763378804,0.0256573367560321,0.0311075464994583,0.0234965101630538,0.0389971355017967,0.0210496650074797,0.0610888319671723,0.0303160156611684,0.0350664977446094,0.0371022266930311,0.0870079126467407,0.0274940559254411,0.0257494414585331,0.1857431029524700,0.2007799013683150,0.0337753087217774,0.2308377261470400,0.2308656432846560,0.6509399940913790,0.0211891369769173,0.0214104082726825,0.0231010414986689,200001,6492,5,1298.4,0.0324598377008115,0,1
054_GHL_id_23_Sensor_tr_50000_1st_135001.csv,0.0245057416189493,0.0162966284448239,0.0187785754780488,0.035176348343067,0.1284367276908020,0.0280043716451938,0.0127834268456073,0.1011538472611350,0.020192365592383,0.032130066115917,0.0474412577761624,0.0147045681171599,0.0758814964486618,0.0735887883796227,0.0170419451156662,0.0164593824797202,0.0641096910677494,0.0172905720674049,0.0172756105372506,0.0232450431249426,0.0130838427561439,0.0126745796483659,0.0129498875163867,200001,3734,3,1244.6666666666700,0.0186699066504667,0,1
055_GHL_id_24_Sensor_tr_50000_1st_118124.csv,0.0045517223220755,0.0042153403242574,0.0036911920063432,0.0057840420111758,0.0047180578686809,0.0055660959920863,0.0033654969219523,0.0060744281857604,0.0065573381646112,0.0052489657051075,0.0065296125028307,0.0101679399818672,0.0063458297033028,0.0088336264856344,0.053680553416385,0.042215005010192,0.0152742551620015,0.0502404854090068,0.050166916575841,0.0108984492363639,0.0031887552604533,0.0032536543668862,0.0033265154683144,200001,1009,1,1009.0,0.0050449747751261,0,1
056_GHL_id_25_Sensor_tr_50000_1st_105568.csv,0.0135593384424111,0.0137316734712666,0.024561417343747,0.0189475494654503,0.0121491098456892,0.0135905126578532,0.0104535266086961,0.0438224815246438,0.0282380206984818,0.0262360829966755,0.0242346199543227,0.0463330733467991,0.0125033589120979,0.0144450944039656,0.1247402540729900,0.1151354512270670,0.0164686087483757,0.1272724792002030,0.1272527660337870,0.0521116833033048,0.010265943861233,0.0103411747026226,0.0105998176406181,200001,3144,3,1048.0,0.0157199214003929,0,1
057_SMD_id_1_Facility_tr_4529_1st_4629.csv,0.1046631660276050,0.052220548625202,0.2396796282811130,0.0715346982612793,0.359539034673083,0.1656162095096840,0.1301997268414040,0.2695901260145680,0.0688558746161324,0.3276978129762050,0.3364769106823670,0.0656369199114903,0.2594868008067450,0.4143924483984910,0.4381378736330960,0.2793441264357580,0.028071277950418,0.2665890245583610,0.2651843402555590,0.140676531877085,0.0861029985175181,0.0488291658075727,0.072632133792192,23694,542,10,54.2,0.0228749894488056,0,1
058_SMD_id_2_Facility_tr_1087_1st_1187.csv,0.5984699356355680,0.2044547026064860,0.3430070197384820,0.608556613646213,0.4691672388716830,0.6597818658189850,0.438878718065234,0.5002503908173900,0.2264186789168090,0.3661772277722320,0.5935526607556490,0.0529919157640234,0.5602954388585760,0.6158332617378940,0.6106790403999660,0.5455544261316080,0.0619481027248,0.2044483543684060,0.2018769141943430,0.3216838234866550,0.1509683482541690,0.2384891003502440,0.2052950336735880,28726,1194,11,108.54545454545500,0.0415651326324584,0,1
059_SMD_id_3_Facility_tr_757_1st_857.csv,0.3622451574445640,0.1238531570992060,0.4089981858542030,0.3127266557406590,0.3091741188334190,0.1850953955673900,0.4361267193227300,0.3958940794218400,0.2708716511176590,0.304096441805977,0.3606923273385650,0.0206465082710311,0.0151042440637494,0.3000345135849470,0.3071723015138330,0.1802816650471330,0.0145506610912651,0.1291153473245240,0.0164345795486461,0.0446208956343609,0.0725638981992841,0.0846725717910439,0.0596789269994243,23689,269,10,26.9,0.0113554814470851,0,1
060_SMD_id_4_Facility_tr_7176_1st_10609.csv,0.0480833898490262,0.0798770197652588,0.1359101169984230,0.0383844016399331,0.1235290801963150,0.0768713127967094,0.1085021054597920,0.1317246310499830,0.0271693701301598,0.1889785641118430,0.2819280981125530,0.022292022703034,0.531336151573894,0.3060105699236690,0.2960794740255120,0.285188117561763,0.0870412664618398,0.0521743378079556,0.0742034935359977,0.0877616029517258,0.1159747012291590,0.1678609423519280,0.1155072407203800,28705,434,5,86.8,0.0151193171921268,0,1
061_SMD_id_5_Facility_tr_7176_1st_15144.csv,0.3266165484223190,0.0872627343911162,0.3283430314236010,0.364415180240117,0.2267679513077150,0.2031119814212910,0.1813212769730770,0.1826319051397430,0.3465644173636700,0.3139778410145180,0.260671421869905,0.4127017851289090,0.1041915650325390,0.2152697418280320,0.2647899091175260,0.2602790710710330,0.1834575765333760,0.3518803583812140,0.3548123883942930,0.1909599113207820,0.2853055269042160,0.1884104211214920,0.2274105141927060,28704,1371,6,228.5,0.0477633779264214,0,1
063_SMD_id_7_Facility_tr_5923_1st_6506.csv,0.2094254264068680,0.1182794134358270,0.2534343083317030,0.2673130081544860,0.3890795036173080,0.2329736423908450,0.2772309530269510,0.4519992774077900,0.1801405658494870,0.3094814451654970,0.4572004576174500,0.1479204580884570,0.3502550224496460,0.33511063734816,0.3662869255096760,0.5046495546142870,0.263555996701067,0.2358684345632520,0.2463865041884790,0.2267587325262600,0.1328837879294750,0.1161401288350900,0.1291512960056260,23694,1170,13,90.0,0.0493795897695619,0,1
064_SMD_id_8_Facility_tr_2272_1st_2372.csv,0.1676310337996280,0.2122276028602290,0.2506395640698530,0.1180658388708970,0.0579069236288163,0.1547856569430810,0.304721980197739,0.4136035571127890,0.1002149300520870,0.1288703957352160,0.164449735603095,0.1028830759299970,0.184557939294235,0.238241737046215,0.2347767498311180,0.1947366996377960,0.0411072299132448,0.1123658723490580,0.1179469475841240,0.2884869516282510,0.1468723887206720,0.3034745704410510,0.276568732051014,21203,782,10,78.2,0.03688157336226,0,1
065_SMD_id_9_Facility_tr_737_1st_837.csv,0.2373888429387120,0.1857590088084670,0.4576725240088900,0.1561782151923110,0.1499729201813100,0.7000206050583730,0.2896313248626060,0.3957660992252880,0.1245984571599300,0.1671583562182580,0.2558283628960920,0.1181050509046750,0.6854323480874140,0.1381130574901200,0.1197998217482430,0.2214222009132190,0.1156175514612070,0.1211032487021850,0.1072379980073390,0.585135910987714,0.1262881055301400,0.1678294692056440,0.149595697863887,23697,2398,13,184.46153846153800,0.1011942439971300,0,1
066_SMD_id_10_Facility_tr_2634_1st_2734.csv,0.3055335276701130,0.1402939099132330,0.2457665849910380,0.3786906970846080,0.6485942544542660,0.4235287254004820,0.36833112931828,0.3713372965557730,0.1879489673232770,0.2201761541236750,0.4885686019847280,0.0449252839750174,0.4279691710789570,0.2537152968625490,0.4988520059288030,0.6432295321347960,0.0440929617328674,0.2948114823541080,0.3140817306375750,0.0504060154743734,0.1172170427025750,0.0804678525234297,0.0738258057028214,23687,977,8,122.125,0.0412462532190653,0,1
067_SMD_id_11_Facility_tr_1980_1st_2080.csv,0.0663612601294791,0.0490007260097806,0.0726698116990663,0.0462156166905998,0.0313959134702218,0.0415928325653361,0.0669930695447397,0.065098282864821,0.0519057267940173,0.0446952866867658,0.0617793619365109,0.0440262123993539,0.0300009011053139,0.0302865464068558,0.0301991669195865,0.0314224489719967,0.0493620832923448,0.0303189787950933,0.0298521410757303,0.0311654047070568,0.0485558330842369,0.0455631782707033,0.0463906293114154,22703,1083,9,120.33333333333300,0.0477029467471259,0,1
068_SMD_id_12_Facility_tr_1099_1st_1199.csv,0.125053524604939,0.0924044902704171,0.4211421546819160,0.2288698503090780,0.4182586774906270,0.2483530647681200,0.1851372061411740,0.5488713125669750,0.2175742874879910,0.0909687285731882,0.1741872404369840,0.0678992523610239,0.4723899976313340,0.2989910520066920,0.2605936035700510,0.1691093756972870,0.0110738893850565,0.0736168925014342,0.0703260140351717,0.1448430772966160,0.071852215048168,0.0775135383342972,0.0357690372532913,28713,303,4,75.75,0.010552711315432,0,1
069_SMD_id_13_Facility_tr_5925_1st_12760.csv,0.1218523584026000,0.158230913204529,0.180561479988113,0.1444191459987750,0.1134987130179620,0.1776193798351980,0.1310548205616500,0.105432958013341,0.1226165252597500,0.1184919666311740,0.123618980277036,0.3575723638346740,0.1824974815371300,0.2039250018495810,0.2182244199664690,0.2634331013024880,0.1543829052930600,0.3562735826814460,0.335875543988141,0.1873391356997510,0.1580160081424800,0.1503863670035960,0.1733642316309540,23700,2833,11,257.54545454545500,0.1195358649789030,0,1
070_SMD_id_14_Facility_tr_1070_1st_1170.csv,0.1842129811166750,0.2620644649437220,0.3033237370695270,0.1925053667641350,0.1657480817102090,0.263789012634169,0.37833897931366,0.4404126279292840,0.072154543623788,0.0605746576717928,0.1964752192131670,0.087831593236184,0.3187111446064020,0.3606339262837140,0.3684697377518930,0.2316974676016430,0.0546522907138909,0.2255852061549520,0.211600825477917,0.2344405127557990,0.0548224617434179,0.1908896754134420,0.1964892559427720,28743,424,8,53.0,0.0147514177364923,0,1
071_SMD_id_15_Facility_tr_1109_1st_1209.csv,0.2000159521260190,0.1087773108826920,0.3832978110065010,0.3105013549119240,0.3339248685449830,0.2031200370311100,0.2210084551635840,0.3886377059239340,0.144202368159323,0.0552431515462688,0.1543556543171620,0.0923680612544893,0.4429256528679860,0.2203620178228920,0.1877322708652740,0.1191607984946460,0.0112531214603877,0.072539977220635,0.0686948836364554,0.1322186522635590,0.0474395190468001,0.0324431809211361,0.0264263250776497,28700,308,4,77.0,0.0107317073170731,0,1
073_SMD_id_17_Facility_tr_5926_1st_10620.csv,0.1273423547590620,0.1175346371523900,0.4297479110075440,0.0637567860223787,0.1671274240082150,0.0717606669618992,0.3105291068839190,0.0229148803888381,0.0879704015831397,0.0156101433292296,0.0254473145382712,0.0114074269768996,0.3057854099667520,0.4541513615095520,0.1189322183866550,0.1516790141483820,0.0053230416497079,0.0088108959987415,0.0099666376089822,0.0427966160289185,0.0067581182109639,0.012747894771568,0.009543128448506,23706,100,7,14.285714285714300,0.0042183413481818,0,1
074_SMD_id_18_Facility_tr_7174_1st_21230.csv,0.1238311398204850,0.2184796094883750,0.2035476866758580,0.0956914574519198,0.1959214281548090,0.0406845187797717,0.419266814616987,0.7544131678558880,0.07433261933094,0.1894320956627940,0.1869200193458550,0.0062194191203293,0.1155423658609120,0.1567500104724240,0.2823824156873210,0.2552964051874510,0.0135296528955523,0.0497235824552074,0.0526945613941449,0.0282213192905927,0.1369939902432360,0.1653935920425790,0.1944414463173320,28696,198,3,66.0,0.0068999163646501,0,1
075_SMD_id_19_Facility_tr_564_1st_664.csv,0.5168871828825640,0.2230455476110310,0.7779039663551690,0.3005786367529110,0.3893480665735870,0.1768007733508160,0.2635310484895930,0.125459242023628,0.3120713327611150,0.3522272430842030,0.5953518175230790,0.0714373415589591,0.0924186895025181,0.5178814111970380,0.1709099410762780,0.2820002723818830,0.063567061368768,0.1103814110933090,0.080785722404171,0.0914224160380144,0.0756834631783373,0.0974113059300247,0.1222779433016650,23696,417,20,20.85,0.0175979068197164,0,1
076_SMD_id_20_Facility_tr_5925_1st_17580.csv,0.9050229944454250,0.2012384388277220,0.8570875631902730,0.8921596436120690,0.9084706558611570,0.8836274622447880,0.8849605675613500,0.9435268060108300,0.8366562510081010,0.8862673506679220,0.8956998474381000,0.01040876145159,0.7146318348268180,0.9086921039949950,0.9084954073571490,0.9269982869732800,0.0130990244999428,0.4875776831720870,0.4835096669239800,0.4333943515178960,0.3562771900768260,0.4224059594471670,0.4738494980148100,23703,161,1,161.0,0.0067923891490528,0,1
077_SMD_id_21_Facility_tr_3026_1st_3126.csv,0.2214412892181680,0.2236235933317080,0.3165424240159920,0.2411553896346270,0.0833918699480476,0.2149498111467870,0.2881554957936630,0.4169783121734770,0.1222353629398210,0.1646432874465380,0.1966024692361610,0.1031593734550720,0.1452965396038300,0.3102809590353430,0.2866602797113400,0.2567945092833420,0.0601761265244815,0.1250983999443600,0.1103308070966100,0.2312721970484010,0.1296573620637660,0.2454496748460830,0.2415553763225690,21207,688,11,62.54545454545460,0.0324421181685292,0,1
078_SMD_id_22_Facility_tr_500_1st_326.csv,0.2767726320196010,0.3343626094005530,0.6755394454490420,0.1897824823473610,0.1510134739733490,0.0724355213460886,0.2178365559711710,0.2352412896284730,0.1445451854989880,0.1585761045896370,0.5566928384317580,0.0927575488348947,0.0769346659506896,0.7868777863841990,0.5326691561094800,0.2206239464544970,0.0733963448557644,0.1803328523148470,0.0573866989070844,0.3959267919554370,0.5160933992723370,0.6188635730828600,0.6534021818296970,23693,1047,13,80.53846153846150,0.0441902671675178,0,1
079_LTDB_id_1_Medical_tr_3618_1st_3718.csv,0.2351715342927760,0.1952326633840100,0.318352016059137,0.2351715342927760,0.2384344307453380,0.2507720480483130,0.1952541743221290,0.5918457867668080,0.2415195343221730,0.1766903989043590,0.212637215268115,0.3652804103705260,0.2355053846503620,0.6082349845527540,0.5392232462867010,0.3809747959309380,0.2264268820621390,0.8475353878154790,0.8488294579856340,0.392550290043517,0.4035203389160610,0.3375918608029780,0.5235313435027350,100000,14781,116,127.42241379310300,0.14781,0,1
080_LTDB_id_2_Medical_tr_500_1st_266.csv,0.2083481579316520,0.199660725405404,0.1962893502669370,0.2070914874396280,0.1985515903731,0.1985130908842010,0.2017200065046690,0.6972708571790770,0.2121766386244790,0.2336843266738830,0.2064078579092760,0.1881331068112300,0.1997899867011150,0.1896923090316780,0.1871792632368910,0.1825369915261910,0.1993273242188940,0.1710716498028640,0.1935554043444760,0.1958100529186990,0.163900246391018,0.1667639969583490,0.1550986580842230,100000,14857,137,108.44525547445300,0.14857,0,1
081_LTDB_id_3_Medical_tr_500_1st_26.csv,0.3867876167793560,0.36553056866582,0.4480164035075050,0.3867876167793560,0.346781896951719,0.3992279639394920,0.3654305022586220,0.3628249242461830,0.3836591332682590,0.392517878902534,0.3556083540279920,0.3627948795016710,0.3843629648010970,0.4649326194298740,0.4645325409583130,0.4569114522068000,0.4249161362005750,0.6805255088100530,0.545437050186758,0.4287561200548420,0.5145641240083830,0.4024003764830800,0.4477399922159450,100000,31565,166,190.15060240963900,0.31565,0,1
083_LTDB_id_5_Medical_tr_15502_1st_15602.csv,0.0059859387719111,0.0051950311286956,0.0138634850198736,0.0059859387719111,0.0063089660865378,0.0063626424333034,0.0051949774485396,0.0045405224125393,0.0057526213918177,0.0042988060816499,0.0046385657320864,0.0060435130141809,0.0059821056071072,0.0498795631290989,0.0207905688438968,0.0132346109341318,0.0059742353858223,0.0761471835179089,0.0574404458860971,0.0068778336106447,0.0067889718355695,0.0065589027842206,0.0146025066237327,100000,505,6,84.16666666666670,0.00505,0,1
084_SVDB_id_1_Medical_tr_12973_1st_13073.csv,0.021489645680171,0.0200193212822638,0.0310776260805259,0.021489645680171,0.0216176266268261,0.0223076607614529,0.0200027891601901,0.0298229872363856,0.0220957755636405,0.021967760938793,0.0214826768276516,0.0263573740287104,0.0215036286237672,0.0461878557032322,0.0532886491545865,0.0258833022588056,0.0266828372877871,0.1518426306536870,0.1345169259402610,0.0273667098306257,0.0270069930745383,0.0268301285515741,0.0292289123816179,230400,3537,23,153.7826086956520,0.0153515625,0,1
085_SVDB_id_2_Medical_tr_50000_1st_54982.csv,0.048844386417245,0.0510392452169166,0.0698046674212813,0.048844386417245,0.0538038295882171,0.0463440908416708,0.0510392452169166,0.0573267715397032,0.0461085665807092,0.0534621437925065,0.0447826451485105,0.0403070100203848,0.048844386417245,0.1207180787052940,0.1025204665998290,0.062420767214291,0.075602981548564,0.3289665312944680,0.314666494784003,0.089821623428639,0.0725631625145087,0.0662636318880592,0.0661521043147524,230400,8578,57,150.49122807017500,0.0372309027777777,0,1
086_SVDB_id_3_Medical_tr_533_1st_633.csv,0.095438486342244,0.0925690994781863,0.1223972480293730,0.095438486342244,0.0936849178771602,0.0961793413052287,0.0925080086613627,0.285100043310714,0.0989754734064194,0.0919471368666728,0.1067973640651440,0.0807792908745549,0.0947823366855771,0.1552284520129390,0.117112863550841,0.1192786913299490,0.0924874938220634,0.2673609196748820,0.261467102362502,0.1274009675764910,0.1377148852945040,0.1071254372259730,0.106698969407771,230400,16121,117,137.7863247863250,0.0699696180555555,0,1
087_SVDB_id_4_Medical_tr_5421_1st_5521.csv,0.0702999334547497,0.0736844708527178,0.1375356739589190,0.0702999334547497,0.0777113581595747,0.0782546348435603,0.0736844708527178,0.3798977090483340,0.0679783310472631,0.0777929074745992,0.06557337493149,0.0660947756063587,0.0704057387613189,0.4897672226185120,0.2859031665879700,0.1950291391468870,0.0945363047872776,0.6176353360115140,0.6738361930040670,0.1180569390971930,0.1295358116490970,0.2294029208798370,0.1387586367416170,230400,12809,83,154.32530120481900,0.0555946180555555,0,1
088_SVDB_id_5_Medical_tr_500_1st_168.csv,0.1390654446026120,0.1343133243070510,0.1343075823797610,0.1390654446026120,0.130640486642775,0.1411357553575420,0.1343133243070510,0.1755326511048740,0.1417665404110850,0.1390790124380220,0.1370933497599540,0.1409862855695510,0.1388217411396070,0.1409289083034540,0.140925135853108,0.136211349189017,0.1343133360974140,0.1683139779306310,0.129260247525014,0.1336068528601890,0.1325120951646290,0.108218805860045,0.1514810173050220,230400,22858,191,119.67539267015700,0.0992100694444444,0,1
089_SVDB_id_6_Medical_tr_50000_1st_83083.csv,0.0147024926050383,0.0149235462984798,0.0182945156381757,0.0147024926050383,0.0156224002328542,0.0146071540756314,0.0149604847947524,0.0369616918349955,0.0148198665280901,0.015022612105897,0.0140391856281543,0.0139151198585945,0.0147024926050383,0.0444633515433782,0.0345801138208934,0.0203286000783625,0.0194367860377961,0.0904374604554431,0.0844807268263556,0.0199184503914294,0.0211741285631866,0.0231048046503876,0.0248118720552504,230400,3108,8,388.5,0.0134895833333333,0,1
091_SVDB_id_8_Medical_tr_500_1st_126.csv,0.0981239336263342,0.092454051776243,0.1916877511995490,0.0981239336263342,0.1019764762409370,0.1023501825855210,0.0924564918736148,0.2132788851768190,0.1019879198255140,0.1009263165440460,0.0964620804935486,0.1120426218956230,0.0979567794868346,0.1682610256721,0.1715483675189700,0.187382766790076,0.1349301043088810,0.5239290039930310,0.4612359937007540,0.1623340338015980,0.1641910102535280,0.1499539597407730,0.1411220721173850,230400,17822,83,214.72289156626500,0.0773524305555555,0,1
092_SVDB_id_9_Medical_tr_2674_1st_2774.csv,0.0591352315854225,0.0586493054459945,0.1398495180326570,0.0591352315854225,0.058336112277297,0.0617635027963783,0.0586352976422365,0.3237309737800010,0.0594072279607919,0.0542174514467635,0.0515674453718361,0.0529995468094136,0.0592484268089112,0.3414856935019740,0.4022063700319740,0.1521247825708370,0.0529113112339255,0.7884379372970410,0.7035280066188650,0.1413228937247560,0.2556387629805250,0.152788129896178,0.2130657766691860,230400,12102,26,465.46153846153800,0.0525260416666666,0,1
093_SVDB_id_10_Medical_tr_500_1st_37.csv,0.1061367799495790,0.1032343116599580,0.222473415673881,0.1061367799495790,0.1013574369381010,0.099507318632687,0.1031790518488290,0.4272923252823560,0.1153374069813550,0.1103240319858050,0.1127061168328840,0.1227627672729710,0.0993795606897483,0.1576192631711020,0.1604995448840960,0.1347880574217380,0.1169544994545960,0.4780103947278870,0.4464989651013420,0.1356486247978820,0.1787684202137910,0.1283170593072750,0.1558324601252150,230400,18107,152,119.125,0.0785894097222222,0,1
094_SVDB_id_11_Medical_tr_20100_1st_23611.csv,0.0162402917380021,0.0159980774920902,0.0236494300041227,0.0162402917380021,0.0160278158528685,0.0164566061615037,0.0160700517330107,0.1330139483014480,0.0173134340360963,0.0155182071934219,0.0185666198860341,0.0232485464231769,0.0162402917380021,0.1326592722685270,0.1053415408265120,0.0229654759464846,0.0243227430869312,0.2921698888684660,0.2560381154988550,0.0210457188745781,0.024021946508634,0.0418084312369611,0.0258606662959967,80400,945,8,118.125,0.0117537313432835,0,1
095_SVDB_id_12_Medical_tr_6264_1st_6364.csv,0.0411950331586983,0.0415062568166509,0.0469808036002508,0.0415790088976529,0.0414619488785965,0.0419925504354875,0.0415062568166509,0.0571172883112181,0.0419708009881782,0.0407742308524398,0.0428591977730017,0.0391040008187859,0.0415767741520002,0.0952177065985682,0.0448976260368165,0.0410448253298746,0.0479015688916089,0.1785593894606020,0.1715164472194670,0.0450790657805026,0.0342043625733503,0.0422848959096328,0.042139809348479,230400,7464,45,165.86666666666700,0.0323958333333333,0,1
096_SVDB_id_13_Medical_tr_500_1st_444.csv,0.0434447516619569,0.0432810800794759,0.0474701812785093,0.0434447516619569,0.043681333491054,0.0436274779144551,0.0432784503379292,0.0654042840828217,0.043640383753762,0.043640082100643,0.0450453761131004,0.0418389181789316,0.043474193476883,0.0508591545018211,0.0477280900942164,0.0471562970179068,0.042935237374259,0.2058007301679090,0.105779759730651,0.048014546048485,0.037914842020989,0.0443945536897349,0.0477177273258642,230400,7733,43,179.8372093023260,0.0335633680555555,0,1
097_SVDB_id_14_Medical_tr_1031_1st_1131.csv,0.1821235080779410,0.1585516552357180,0.3657552371389900,0.1821235080779410,0.1453929326122650,0.1969946347361590,0.1585516552357180,0.7467893797345460,0.1838104977344250,0.1863003136911720,0.1634975180080660,0.3410651481400330,0.1791593940248020,0.5986389449770790,0.4566394525129880,0.4601088045262580,0.242729111375712,0.8426658888885720,0.8686710601494020,0.3979555869777210,0.380665625482941,0.39178489150181,0.5135325443276800,230400,27789,208,133.60096153846200,0.1206119791666670,0,1
098_SVDB_id_15_Medical_tr_500_1st_303.csv,0.0884257257421922,0.0862956349974053,0.121928593106634,0.0884257257421922,0.0834155070804933,0.0848959641055838,0.0863005643880058,0.2206525788438120,0.0926620326269399,0.0894355462938431,0.0937014429558161,0.107286375939009,0.0843490033677282,0.1221007591048050,0.1161959277530970,0.1207246333933140,0.1002284099871690,0.2130071392826960,0.1960307701927180,0.1244661289852940,0.1110617080845060,0.1403213829919150,0.123387218208094,230400,14599,121,120.65289256198300,0.0633637152777777,0,1
099_SVDB_id_16_Medical_tr_1115_1st_1215.csv,0.1065463008974700,0.095903197851867,0.21052103033034,0.1065463008974700,0.1112735073419300,0.1139161429043220,0.0958985711108787,0.3042311596928300,0.11437113593878,0.1074694678468360,0.1012626593812870,0.1056757101248480,0.1048593096936200,0.3013253156297710,0.2200771083987990,0.2389901131899070,0.1353946551326220,0.5329036729609080,0.3753933053936280,0.206228367607162,0.1545154037546770,0.1637745116932690,0.2548840155996180,230400,16389,164,99.9329268292683,0.0711328125,0,1
100_SVDB_id_17_Medical_tr_17803_1st_17903.csv,0.0403055729096197,0.0503325953308639,0.0470873833560712,0.0403055729096197,0.0398141548579244,0.039959259294729,0.0511665463405886,0.6734735127533940,0.0485732887941341,0.040521550329305,0.0603327883852568,0.0353604027866153,0.0403055729096197,0.361676774810087,0.2698868198321500,0.0473122855360518,0.0364049509909036,0.3109291451635860,0.312930384260479,0.0514377932726092,0.0482057856639823,0.0473184589505251,0.0980421765970362,130400,3941,25,157.64,0.0302223926380368,0,1
101_SVDB_id_18_Medical_tr_1851_1st_1951.csv,0.1040519429959810,0.088604606456594,0.2015940796863390,0.1040519429959810,0.0792316596452593,0.0725288748729723,0.0885987096105701,0.0816338569393052,0.1048603426927840,0.1005677339851790,0.08657802312334,0.2165576438031250,0.0769112520838018,0.2115754319783270,0.2035712732523440,0.1907955238470490,0.0885987096105701,0.6199153940882240,0.42810740271497,0.1820716388937920,0.2957731151739040,0.1811229888755560,0.1792657029317530,230400,16102,81,198.79012345679000,0.0698871527777777,0,1
102_SVDB_id_19_Medical_tr_50000_1st_107354.csv,0.0586109504744112,0.0593711884292252,0.1197015700596240,0.0586109504744112,0.0596082981634389,0.0623198413046229,0.0594874088037712,0.3775660118478530,0.0593552947177493,0.0571755493888932,0.0572491407614447,0.0847505370011296,0.0586109504744112,0.3456740947014360,0.2951718688405020,0.1435083191218940,0.095777824690751,0.4746007073978700,0.4852589933016210,0.1336234820815150,0.1285146000995830,0.1140064036797480,0.1464928466142140,230400,13376,6,2229.3333333333300,0.0580555555555555,0,1
103_SVDB_id_20_Medical_tr_12167_1st_12267.csv,0.0387498188161229,0.0353089797878161,0.0362691104021495,0.0387498188161229,0.0325412733223455,0.0431771178480221,0.0353089797878161,0.1287157338839230,0.0431027880827559,0.0414364941074713,0.042343258411092,0.0429262633315096,0.0387481569072698,0.0563658237734693,0.0424152429124876,0.0416892960259175,0.0443955819444313,0.0352828473765595,0.0374269489125453,0.0398134384995119,0.0414655135975457,0.0475397605684002,0.0447717230772415,230400,6151,61,100.8360655737710,0.0266970486111111,0,1
104_SVDB_id_21_Medical_tr_50000_1st_106634.csv,0.017240458493142,0.0180895860254846,0.0609292335092478,0.017240458493142,0.0191541045555426,0.0173456133536971,0.0180895860254846,0.0318530713745908,0.0177737615996699,0.0171027866637325,0.0187313782784722,0.0211027353822802,0.017240458493142,0.2252511778642520,0.1858642770873620,0.0586790173070878,0.0191540377488531,0.3594587691048740,0.3430294560938440,0.0425883111597759,0.0667117287167688,0.0333183024633463,0.1004539661744010,230400,3503,13,269.46153846153800,0.0152039930555555,0,1
105_SVDB_id_22_Medical_tr_500_1st_417.csv,0.1193387913490590,0.1157250047491230,0.1582412837599000,0.1193387913490590,0.1090645161517620,0.124069802277793,0.1157981651299020,0.2725578806783760,0.1286100815165320,0.1081406362021540,0.1246513089006030,0.144763648165619,0.1208355000407880,0.1778915624928550,0.1600362757423980,0.1788543673501590,0.1485585101065510,0.5440988426091160,0.4765280026453300,0.1492221725332530,0.2118387681315010,0.1807740255069860,0.1631163258082900,150000,12827,68,188.6323529411770,0.0855133333333333,0,1
106_SVDB_id_23_Medical_tr_37500_1st_121963.csv,0.0063165681365667,0.0050580212318775,0.0088776551809682,0.0042514488586387,0.0041686617461081,0.0064280850249794,0.0051672422115681,0.008576905750784,0.0047248482277899,0.0061398097742143,0.0065155247848619,0.0097251870861947,0.0063165681365667,0.0477102273758087,0.0502148110049476,0.0104731431036604,0.0046429417134981,0.2298731100312310,0.1467459633852430,0.0103897579371324,0.0135939653292379,0.0087842663011177,0.0143877050487561,150000,676,1,676.0,0.0045066666666666,0,1
108_SVDB_id_25_Medical_tr_1238_1st_1338.csv,0.0354797774356077,0.0362061476539278,0.1657576346757070,0.033966967918521,0.0352591500673746,0.0343124692112764,0.0362713423194771,0.2468410201097270,0.0354034964995263,0.0352651715872707,0.0351329613326691,0.1504780371273530,0.0337998755600084,0.2241997122811540,0.2182080500437820,0.2170344008790230,0.0412326585209191,0.5062602992126450,0.4255642695234970,0.1988907016802850,0.0822895608367931,0.0760750144220046,0.0905434472635306,230400,7048,32,220.25,0.0305902777777777,0,1
109_SVDB_id_26_Medical_tr_1038_1st_1138.csv,0.1359546859042840,0.1230760339153330,0.1590627243120010,0.1359546859042840,0.1391752176764720,0.1127540443673260,0.1231206215236030,0.1756763882802380,0.1421464954946200,0.1397179007834510,0.1353473839363410,0.1507908463993080,0.1136526476263670,0.1920265762371770,0.155992900532034,0.1564446645656930,0.12099291829268,0.2842242409305810,0.2485546894190060,0.1478213251917240,0.1194686557914200,0.1297516055347460,0.1911465268890760,230400,20820,167,124.67065868263500,0.0903645833333333,0,1
110_SVDB_id_27_Medical_tr_30824_1st_30924.csv,0.0498456895522811,0.044153946840333,0.0534556285583732,0.0498456895522811,0.0414921672293025,0.0444615874747582,0.0441498088177843,0.0655814115437614,0.0539632804608155,0.053138129228933,0.0514341362078543,0.0532898229616936,0.0498479909497786,0.0877315863322747,0.0578643334276149,0.0493553917300789,0.0437090993989155,0.0871332027393938,0.0885940688137656,0.0514666359887982,0.0612927258812242,0.0500798453409472,0.0643034002157699,230400,7847,42,186.83333333333300,0.0340581597222222,0,1
111_SVDB_id_28_Medical_tr_1791_1st_1891.csv,0.1280172318037440,0.1288985850049430,0.232290494253318,0.1280172318037440,0.1440934791995300,0.1430606906713520,0.1288985850049430,0.1351665357592210,0.1265740107607050,0.138329240398711,0.1284216579891860,0.1262469458807040,0.1280231953199230,0.3041512436211760,0.2178146133176770,0.2423258619756250,0.3017372186596960,0.6787128102665450,0.7965095239327350,0.1852070156091790,0.1664011606569520,0.217787723066494,0.2489053528665200,230400,21980,145,151.58620689655200,0.0953993055555555,0,1
112_SVDB_id_29_Medical_tr_8226_1st_8326.csv,0.0150411124928271,0.0146847472447266,0.0145106111820263,0.0150411124928271,0.0143630705489162,0.0155115307020237,0.0146847472447266,0.0144797395230886,0.0152324803388679,0.0142028850968157,0.0149349101539888,0.01437538654533,0.0150411124928271,0.0163276008733212,0.0141446102456238,0.0142556090254288,0.0150266351114483,0.0284883132890941,0.0260453583552825,0.016183401526155,0.0131420310501718,0.013522072370593,0.0142396680884985,230400,2559,17,150.52941176470600,0.0111067708333333,0,1
114_SVDB_id_31_Medical_tr_25000_1st_63090.csv,0.0051500813158112,0.0054777474523172,0.0052299968167247,0.0051500813158112,0.0051917332368184,0.0050620310744481,0.00547781352891,0.0059998991029213,0.0054044246340518,0.0058252413589509,0.0058364231524475,0.0050022092176426,0.0051500813158112,0.0056083194434482,0.0058515496371451,0.0056128085007245,0.0052825457489137,0.0135523590504782,0.0133013574254246,0.005447077329596,0.0048855705877317,0.0074424645122315,0.0054498397838185,100000,497,1,497.0,0.00497,0,1
115_PSM_id_1_Facility_tr_50000_1st_129872.csv,0.1918205451234060,0.1503655440704420,0.1633488436830480,0.167320850530183,0.1908230165577120,0.25508609210854,0.1212331709850000,0.208219599218007,0.203777910605478,0.1938176726918420,0.1841942414809770,0.1195386777429190,0.280417886538396,0.2188989654440100,0.2357421089324340,0.232442560952473,0.2094825856190920,0.1600941260188120,0.1942466217138080,0.1951065832082170,0.140098115240622,0.1318991770818100,0.1652987255693920,217624,24381,72,338.625,0.1120326802190930,1,1
116_TAO_id_1_Environment_tr_500_1st_3.csv,0.9601884470308870,0.8572321142112020,0.9996786761544760,0.9067282353632810,0.8176586828576180,0.9996552062328150,0.848454668222415,0.9248140312608850,0.9940923856388330,0.9996552062328150,0.9432063281892250,0.9994989110509390,0.9995282090002210,0.9990061966807130,0.995899144534972,0.8831829322186180,0.801319134314263,0.8646737006444770,0.8646868391196390,0.797719850231968,0.8306827854477930,0.8282145407220080,0.8096198065954320,10000,492,464,1.0603448275862100,0.0492,1,1
117_TAO_id_2_Environment_tr_500_1st_1.csv,0.8738535730099580,0.6998813140139140,0.9991779957529500,0.7029306105150570,0.63697920856616,0.9999985766054210,0.6708345021415690,0.7350386912630830,0.9700716177233000,0.9999985766054210,0.8289109956998590,0.9998468440111390,0.9690837489977740,0.998129997897302,0.9942855703231190,0.6851219223022490,0.6863902322550660,0.7149757750471380,0.7149444051308320,0.6333833135064910,0.6784287199966080,0.680702083413274,0.6909333811625380,10000,1395,1208,1.1548013245033100,0.1395,1,1
118_TAO_id_3_Environment_tr_500_1st_7.csv,0.8279272455077800,0.3539108519896850,0.998772187932793,0.5092155006851040,0.6978354726566370,0.998825262901291,0.2958824350158140,0.5468253560615350,0.9678116962591490,0.9988342915069910,0.6476008868756560,0.9977843591904550,0.9989710015153510,0.9911686375589480,0.9868240077812140,0.3188207729866930,0.3142927059277680,0.3814719987893660,0.3814925432135200,0.2782576870622360,0.3649127752433970,0.3126558128994850,0.3603220486266400,10000,488,468,1.0427350427350400,0.0488,1,1
119_TAO_id_4_Environment_tr_500_1st_1.csv,0.957742769674023,0.9267612415741750,0.999986600246949,0.931674294610294,0.9067020724494060,0.9999963842848440,0.9092208635189690,0.9496651362050870,0.9916012805324240,0.9999963842848440,0.95493203249581,0.9999714433664000,0.9997068352130580,0.9996199974965920,0.9978296561929180,0.9332617859497830,0.9143006418429640,0.93160049360937,0.931601993533008,0.9089991243877310,0.912380845228917,0.9240347516793510,0.92396071529087,10000,945,854,1.1065573770491800,0.0945,1,1
121_TAO_id_6_Environment_tr_500_1st_7.csv,0.9172139383714300,0.82382950472998,0.9993908994292430,0.8215122062377650,0.806910850723101,0.9999594317377130,0.8168675665728750,0.868325621992662,0.9731518281653440,0.9999626070760900,0.8500352968261300,0.9999199052063920,0.9994591601418760,0.9987228240493810,0.9970604324668410,0.8404574408373700,0.8290642818802780,0.8583720219160650,0.8583689563388090,0.8212294808543350,0.8520269404947330,0.8328581023290710,0.8513916421280560,10000,1409,1220,1.154918032786890,0.1409,1,1
122_TAO_id_7_Environment_tr_500_1st_19.csv,0.9463566730936430,0.7469646646885050,0.999888170408169,0.7820867524796340,0.7200643825615830,0.9999053172568000,0.7583739471259280,0.8281292893989560,0.9890832536233170,0.9999053172568000,0.8995207091825730,0.9997294609079990,0.9998641022129240,0.9987921740177120,0.982182730373067,0.7619169283920580,0.72919987339679,0.7720755835146760,0.772080828005131,0.6799546788900650,0.7329391442933680,0.7317151521554530,0.7094247187604230,10000,948,858,1.1048951048951000,0.0948,1,1
123_TAO_id_8_Environment_tr_500_1st_62.csv,0.9763240218679480,0.8344024566855780,0.9998917640413300,0.916896602314254,0.9563727643278230,0.9998019891588670,0.8493725735855640,0.9305593710891610,0.9958637956834270,0.999764718821108,0.9686464591992040,0.9998766423647420,0.9996550469907580,0.9995142726512930,0.9983175387912910,0.8922502300617470,0.8308981555470920,0.883592330067524,0.8835623188207800,0.8056623187774280,0.8559499339612910,0.8377636769260870,0.838098769525274,10000,487,463,1.0518358531317500,0.0487,1,1
124_TAO_id_9_Environment_tr_500_1st_1.csv,0.9278898767822610,0.8217964198600160,0.999973850679894,0.8445120460501640,0.787288257183159,0.9999495645757910,0.794975109983724,0.9279655995517820,0.9915505056334970,0.9999495645757910,0.9197013127409340,0.9999124479952510,0.9999474536659540,0.9992254215463500,0.9788058615933800,0.8831919968777450,0.7948401001156630,0.8529442591944720,0.852977902590099,0.7715969048307730,0.8086186738278320,0.8275606732413570,0.8261049022430000,10000,483,456,1.0592105263157900,0.0483,1,1
125_TAO_id_10_Environment_tr_500_1st_9.csv,0.9927578699665070,0.961468183492524,0.9999962043132360,0.967847312105892,0.95630738035346,0.9999833854916170,0.9608178852682970,0.977127514771882,0.99827903961602,0.9999722890995880,0.9800983408458640,0.9999736952893670,0.999938852199422,0.9996927298068990,0.9993706895600270,0.9679639309832320,0.9609729691676320,0.9685388504649930,0.9685395396993350,0.9577285581344150,0.9651566919333460,0.9624921587815230,0.9646519703318040,10000,943,856,1.1016355140186900,0.0943,1,1
127_TAO_id_12_Environment_tr_500_1st_24.csv,0.9675714754123220,0.8498104631384620,0.9997531660838250,0.9031218280036490,0.8116673785507290,0.9999299956117240,0.856018894895476,0.9260187852611260,0.9941909427030610,0.9999299956117240,0.9354675632495970,0.9996829011857770,0.9999389890102840,0.9991620274988420,0.9729219846928090,0.8868198580477180,0.7808523235877180,0.8599925570258570,0.8599097580174990,0.7792694199865420,0.8061698360876620,0.8157552354048670,0.8098432936797150,10000,485,457,1.061269146608320,0.0485,1,1
128_TAO_id_13_Environment_tr_500_1st_7.csv,0.9172139383714300,0.82382950472998,0.9993908994292430,0.8215122062377650,0.806910850723101,0.9999594317377130,0.8168675665728750,0.8679164683227210,0.9731518281653440,0.9999626070760900,0.8648189790456890,0.9999199052063920,0.99938002707831,0.9987300222252070,0.9970616795474740,0.836626451562145,0.8332484752109080,0.8583656520153540,0.8583642191587800,0.8124180243284950,0.8350360616899470,0.8325960660647810,0.8484457764550180,10000,1409,1220,1.154918032786890,0.1409,1,1
129_OPPORTUNITY_id_1_HumanActivity_tr_1801_1st_1901.csv,0.0827081550127823,0.2351509014733170,0.1426743139836810,0.0673486971144436,0.0194342862282229,0.0287961390202454,0.0214089918479612,0.03595042111454,0.0394769023408991,0.029070767966253,0.0281472237179855,0.0191516617181191,0.0240165219734307,0.0304745002885233,0.0342789821421545,0.0343187570931537,0.0323616921609601,0.0305365506431943,0.0305374757237705,0.0303761298923845,0.0183179488194909,0.0187087721806641,0.0179420987171968,24693,721,2,360.5,0.0291985582958733,0,1
130_OPPORTUNITY_id_2_HumanActivity_tr_1045_1st_1145.csv,0.1487553796051920,0.1204806389373680,0.3647590925312830,0.1441393593197870,0.0659390331886065,0.06419424190001,0.0642723851681105,0.0582645495573112,0.2065196529150310,0.0947075374594613,0.0619883524000696,0.0560311811743904,0.0670644151975542,0.0796094024847545,0.0680849546075871,0.0670915613453799,0.1596200961600670,0.0615854046899741,0.061578101511204,0.0722969956150287,0.0556875984225893,0.0534939135701587,0.0520489226837888,5162,469,1,469.0,0.0908562572646261,0,1
132_OPPORTUNITY_id_4_HumanActivity_tr_895_1st_995.csv,0.0938375603875948,0.0654094593884052,0.2428841337073380,0.0921709137899151,0.0369510924817697,0.0347627494347795,0.0412677087830973,0.0313260774089263,0.055551466236475,0.0385921672655289,0.0426121699193254,0.0408298694221892,0.057605582262945,0.0468437957666265,0.0533515272313791,0.0537811492412888,0.0537058515275709,0.0427720675027133,0.0427720675027133,0.044201960544709,0.030766234044967,0.0303697495627031,0.0328767549964134,9323,438,1,438.0,0.0469805856483964,0,1
133_OPPORTUNITY_id_5_HumanActivity_tr_1745_1st_6500.csv,0.5107667557887390,0.0792204406880315,0.7645411396854320,0.6064971795585610,0.6578862264622610,0.9785416068929340,0.2477265804421250,0.2432570784441280,0.7404057044668760,0.737269244909228,0.4329374265702250,0.6768510994646700,0.7834205965403230,0.8379030199527440,0.8565243362067700,0.8536098343582930,0.1706339341806300,0.991917499590378,0.991917499590378,0.8139857306733220,0.221866570061344,0.2141048898837020,0.2011355693429440,6980,480,1,480.0,0.0687679083094555,0,1
134_OPPORTUNITY_id_6_HumanActivity_tr_1477_1st_1577.csv,0.0785033245806627,0.0206015872698723,0.2085295963308640,0.073237392906997,0.0163505607626816,0.0142845739841521,0.0261736321469814,0.0173449531902859,0.0282324075597173,0.0436081844137753,0.0376372480083161,0.0189166003295577,0.0210532900182391,0.0266017677388942,0.0357508616530204,0.035739791763179,0.0243969938196193,0.0273293043242336,0.0273293043242336,0.0233482675012817,0.0192438553636995,0.0186922794883953,0.0210379769148252,16515,355,1,355.0,0.0214956100514683,0,1
135_OPPORTUNITY_id_7_HumanActivity_tr_2085_1st_2185.csv,0.2096349924043570,0.0611162516838788,0.2365822430092420,0.1318933270894040,0.0332356598672173,0.0356472250031636,0.0311420257728264,0.0267841588579539,0.0619917164273076,0.0323911094810992,0.0489565079604303,0.044028525138065,0.0421833586377341,0.059284313887162,0.0738321989563574,0.0736913364625469,0.0409434977800745,0.0553870188574362,0.0553762181458206,0.0685670532848347,0.0274696534581712,0.0268418077385237,0.0268398115764464,21706,818,2,409.0,0.0376854325992813,0,1
136_OPPORTUNITY_id_8_HumanActivity_tr_1495_1st_1595.csv,0.128747618586581,0.0886517228960679,0.1359645139849820,0.0487273807408309,0.0137964082674053,0.0140921993761322,0.0151813590162156,0.0301216147503958,0.0291357740310722,0.0250925575080398,0.0210890404377315,0.0309836086433813,0.0140207420046523,0.0267974277939724,0.0340289638682883,0.0334035919192661,0.0242466311400704,0.0274606285222992,0.0274516735865542,0.022676251382076,0.0144581893855726,0.0146042438848156,0.0139832847293429,26969,625,2,312.5,0.0231747562015647,0,1
137_CreditCard_id_1_Finance_tr_500_1st_541.csv,0.0263705360476127,0.0246677035683037,0.102513904913074,0.0366912916554989,0.0238859331370388,0.0603766425610533,0.0240210012419432,0.020047170464826,0.0472027821964765,0.0319491075958145,0.0244872047459067,0.0219009273904935,0.0284614997898077,0.0220418316022392,0.0218842578275866,0.0217280714538917,0.0199365758464083,0.0207591939718353,0.0207581394662459,0.0234239908993937,0.0202144028222915,0.0201678927217992,0.0189421091144646,284807,492,465,1.0580645161290300,0.00172748563062,1,1
138_CATSv2_id_1_Sensor_tr_16568_1st_16668.csv,0.03698684046909,0.060409151851365,0.0290057476002798,0.0231986399831184,0.1671911828592190,0.0618353780558596,0.0421393192214885,0.1883605944986420,0.0283339209759939,0.0274380809828675,0.0341003364778638,0.0149643473126104,0.0648757987479215,0.0349212900689094,0.0166737601667851,0.0164140612066179,0.0215592580453889,0.0160278886779232,0.0160133753785582,0.0364172113213329,0.0505499911847426,0.2013374605640240,0.1735209212363090,100000,2000,3,666.6666666666670,0.02,0,1
139_CATSv2_id_2_Sensor_tr_5592_1st_5692.csv,0.0471426927145724,0.0617480892852912,0.1201140090705010,0.045725925824531,0.046350763284563,0.0935449913297049,0.0468869449134465,0.0446653494966403,0.0445560628128631,0.0549575834777674,0.0527228005884354,0.0717661098502662,0.0463346920985604,0.082928977827506,0.0615827902417737,0.0622098219702756,0.0369284627239286,0.0641659714062254,0.0641621826848197,0.0499925278642172,0.0597072737004582,0.0691403499824421,0.0624207459415085,195000,6600,10,660.0,0.0338461538461538,0,1
141_CATSv2_id_4_Sensor_tr_41727_1st_41827.csv,0.0945607478825482,0.0485241813770454,0.2459297349361420,0.0852092195678488,0.096043931069983,0.1684072396649720,0.1427940073065410,0.1605822617127170,0.0825370197998042,0.1130502477254400,0.113149893099191,0.0287130177702852,0.1237578924646470,0.1413982090313640,0.0293735501003262,0.029113531142531,0.0323790649739122,0.0299929910433118,0.0299929904218021,0.1655917683878660,0.0915630115300004,0.1212364220386370,0.1827369323314520,195000,5900,11,536.3636363636360,0.0302564102564102,0,1
142_CATSv2_id_5_Sensor_tr_30704_1st_30804.csv,0.0630006511147008,0.0581994869736507,0.1301657969205050,0.0581917886703258,0.0694773332030806,0.1057385814272780,0.0752880234719994,0.1415538998604490,0.0599789949678411,0.0686590615720292,0.0727574353709293,0.0662542632908343,0.0594940479172271,0.1139679766525470,0.0712556377044516,0.0716817437687274,0.0541742048378281,0.0695607691771069,0.0695625977542238,0.0499552411711884,0.1045529998198090,0.1703100123150330,0.1721899341228930,350000,17100,13,1315.3846153846200,0.0488571428571428,0,1
143_CATSv2_id_6_Sensor_tr_50000_1st_60232.csv,0.0331721616989163,0.042867420880104,0.0623931412868505,0.0281048295106746,0.023432909176278,0.2327530537365800,0.0502756784160211,0.04750741699989,0.0264959413907529,0.0331674727946122,0.0300750603517502,0.0303123344902536,0.022399583793132,0.0366549669000907,0.0285851594563518,0.0283802260432086,0.027866694513237,0.0253124922287542,0.0253157153076223,0.0478432521655881,0.0347937063153887,0.0702533578318454,0.0591374479283749,200000,4000,7,571.4285714285710,0.02,0,1
144_SMAP_id_1_Sensor_tr_2052_1st_5300.csv,0.24060492747881,0.1343609576572430,0.1824483058669020,0.2215406600788360,0.5482110122180730,0.5542000575705690,0.2176678273177060,0.9705942597856460,0.2998047942039910,0.5621792585865570,0.2991325761937590,0.0778284946124295,0.4990918276905550,0.3827222293020420,0.3281754444785620,0.0819570196775107,0.1176783226777600,0.0789498338036048,0.0748991330951894,0.558701544893384,0.3629625291329390,0.2804434874579010,0.3558731190465420,8209,1121,1,1121.0,0.1365574369594350,0,1
145_SMAP_id_2_Sensor_tr_2133_1st_5400.csv,0.1229101269478910,0.083881893912349,0.1449328826875590,0.1237415977433320,0.0586718302108034,0.2306779317615310,0.1343195393806570,0.1774631521657720,0.1033028888132100,0.2287537112758590,0.1309768383352870,0.1456458425661020,0.1970319649250470,0.1794180958742800,0.1803349364084220,0.2051784848770360,0.0778947470710521,0.2649366694645530,0.0646289530720151,0.2020265299312740,0.0792375246119028,0.0587145633810731,0.0680802621803662,8532,623,1,623.0,0.0730192217533989,0,1
146_SMAP_id_3_Sensor_tr_2128_1st_5000.csv,0.1531350234994160,0.0558944870047069,0.1284447675616430,0.1186607452161820,0.032147167145724,0.1917446429457980,0.1200147270875510,0.2573076897830510,0.099957573730374,0.2159188053066750,0.1007813215800310,0.1391985342100120,0.2160807317228620,0.2404706260979740,0.1174942515831750,0.0331460129528366,0.0441383966506078,0.0266398085337509,0.0352855245700063,0.3419306639317380,0.0294431845002207,0.0296620566389504,0.0319968743197035,8514,295,2,147.5,0.0346488137185811,0,1
147_SMAP_id_4_Sensor_tr_2160_1st_6449.csv,0.019308815215096,0.0170544848029283,0.0207032781623731,0.0192958373856862,0.0189979416175793,0.0219207395911258,0.019189998137068,0.2269003239004030,0.0229237203465433,0.023132956897716,0.0200925975592252,0.0174018691798743,0.0211826142074237,0.035221861224197,0.0322788590554015,0.0158731379907038,0.0236167177612952,0.0194763359263296,0.0162181251429686,0.0224185238640708,0.0218687669822331,0.0192565640830253,0.0201882527372064,8640,121,1,121.0,0.0140046296296296,0,1
148_SMAP_id_5_Sensor_tr_2011_1st_5060.csv,0.0253457689752017,0.0154437095844741,0.0253457689752017,0.0253457689752017,0.0264382965860279,0.0147385074032501,0.0252210781176548,0.1035356751381890,0.0253457689752017,0.0118742368713887,0.0253457689752017,0.0253457689752017,0.0264284437182165,0.2033373609746490,0.6657186754202160,0.0256754429367602,0.014242304980641,0.007456909335596,0.0109851196812393,0.0991303693352101,0.1205489194720860,0.0405154586177115,0.0389825140456926,8044,71,1,71.0,0.0088264545002486,0,1
150_SMAP_id_7_Sensor_tr_2077_1st_5394.csv,0.0499743568245881,0.0751615432972838,0.0590338778367293,0.051344424746647,0.1802323654695250,0.1744625577579420,0.0793452913760747,0.5408077843630240,0.0501851402172181,0.1834547244447650,0.1797648067442410,0.0330333369304998,0.179430287698481,0.0854808382536298,0.0596551049219884,0.0383918080019774,0.03817947781051,0.021545620239495,0.0205154000448732,0.103633768376438,0.0417761740521517,0.0350196612832911,0.0419505430899153,8310,281,1,281.0,0.0338146811070998,0,1
151_SMAP_id_8_Sensor_tr_1971_1st_4870.csv,0.0291261545090977,0.0320979964185297,0.035978269516558,0.0257644776509472,0.0649780485942035,0.0659276222070931,0.0613981727045498,0.3301285792096700,0.0234582737870153,0.0644117538997934,0.0308341391166544,0.0543346735019715,0.062087628242633,0.0304871890455915,0.0299482004587416,0.0433384498466826,0.0165619069625905,0.0568714565987462,0.0427683758816229,0.0387702176557652,0.0288009580832109,0.0230308979211602,0.0240485681227242,7884,81,1,81.0,0.0102739726027397,0,1
152_SMAP_id_9_Sensor_tr_2073_1st_5600.csv,0.0462154738570668,0.0477864169581369,0.0476973728092151,0.0468624738051543,0.043175569681532,0.0517528882534498,0.0499213783728401,0.1266358569256150,0.0462014807168015,0.0453583129585138,0.0451663619090649,0.0442865352553449,0.0518269368898502,0.0624774220365686,0.0457838830210526,0.0590482638330633,0.0522931097384916,0.0543312420848357,0.1128930024458850,0.0658775983091786,0.0313013926695418,0.0324280999853391,0.0388870189044525,8294,321,1,321.0,0.0387026766337111,0,1
153_SMAP_id_10_Sensor_tr_1840_1st_4030.csv,0.0243818011585223,0.0163414557490801,0.0161954523407364,0.0298890273760841,0.0383329246687182,0.0386825071671761,0.0397460353554887,0.0726376315701424,0.0165838177670477,0.0385317630955587,0.0468452571970128,0.0131262988304809,0.0502113800791192,0.0160910394108473,0.0170960769423101,0.0248560551624939,0.0151925046069314,0.0099497433632832,0.0114368895264479,0.0100391150196819,0.0120484961628217,0.0172959212981295,0.0161251283180531,7361,41,1,41.0,0.0055698953946474,0,1
154_SMAP_id_11_Sensor_tr_2117_1st_4770.csv,0.0255540535698815,0.0255246143416651,0.0133101745120404,0.0245358326228318,0.0276975406528471,0.0269644336526597,0.0180606454454869,0.0235855583541126,0.0197767620273802,0.0237805629359341,0.0280290618690352,0.0109084551153665,0.0319846451948384,0.0157414219662808,0.0184658239814109,0.0201699436802985,0.0354266869037413,0.0161612928234691,0.0200341453496475,0.0236601999704948,0.014370686487973,0.0158348801938663,0.0144801189261402,8469,121,1,121.0,0.0142874011099303,0,1
155_SMAP_id_12_Sensor_tr_1907_1st_4800.csv,0.018762938393536,0.0175006035511618,0.0345471674855517,0.0192353719443369,0.0734818686384057,0.0830707184948249,0.0761273324758683,0.4318589280147010,0.0354130151631994,0.0773780830320454,0.0198733711921585,0.0541636509026163,0.0707645572247489,0.0455795299310238,0.0370420900717195,0.0329218238543137,0.008060365322738,0.0071284290069919,0.0067889954182566,0.0085057370346757,0.0075375858127505,0.010547662690008,0.0066194132146085,7628,51,1,51.0,0.0066858940744625,0,1
156_SMAP_id_13_Sensor_tr_1173_1st_2750.csv,0.0356988073949826,0.5056964120409660,0.0157767503144419,0.0356988073949826,0.2988049182797280,0.0210497081188594,0.5655927235389040,0.9979412385418880,0.2993090542895920,0.0,0.5843374433566780,0.2201875579739480,0.0356939350738782,0.7636161871521850,0.4342488165248360,0.042582991872862,0.3873738557945350,0.0137536546417633,0.0138418800942335,0.1707596849386640,0.374274789105218,0.3576059329913860,0.4720809856403800,4693,51,1,51.0,0.0108672490943959,0,1
157_SMAP_id_14_Sensor_tr_2126_1st_5000.csv,0.1154735227047000,0.0483910092871146,0.1005222778472730,0.1154247646899340,0.0367864264198944,0.3040887579049220,0.129156857309939,0.2474704063556810,0.1238749043523980,0.3043713601503190,0.1226281349866560,0.0413956547926661,0.2004568447314140,0.2375826309224000,0.1080252792751210,0.0339700830241721,0.0469827588207247,0.0280732259598271,0.0329253361725286,0.310127885707356,0.0338344623225368,0.0327079453039432,0.0336753913418696,8505,322,2,161.0,0.0378600823045267,0,1
158_SMAP_id_15_Sensor_tr_2075_1st_5610.csv,0.0172635542364214,0.0452888798924439,0.124170405562359,0.0992465211797425,0.1603730901945460,0.1582117076617020,0.188191383109848,0.6213314354171160,0.0935831645189129,0.1539661011321250,0.1164950571873440,0.1361003258733080,0.1750190183241700,0.1089686963600610,0.099428506840594,0.1210353235488970,0.0129112668315937,0.105944009828113,0.1007283200471100,0.0417691851882426,0.0120495513249566,0.013515919196999,0.015764687105379,8300,66,1,66.0,0.0079518072289156,0,1
159_SMAP_id_16_Sensor_tr_1757_1st_2650.csv,0.2554324706396910,0.0408170191231673,0.2604558942222180,0.2554324706396910,0.2554324706396910,0.0447770871809772,0.2677036840037080,0.9370461095610190,0.2554324706396910,0.2554324706396910,0.2613195152725510,0.260459600576673,0.2554324706396910,0.4634728609915180,0.4694855642136260,0.3091361929815610,0.257340275207284,0.5242338282416310,0.5255603747152450,0.466540805361218,0.2829248241866330,0.2996134505488100,0.3028805804222220,7029,268,3,89.33333333333330,0.0381277564376155,0,1
160_SMAP_id_17_Sensor_tr_1832_1st_5300.csv,0.0643591411927893,0.0615147193208833,0.1139359394686760,0.0623458498954138,0.1110019174202930,0.0627983525967299,0.0617207491689027,0.0403131189940013,0.079403484771204,0.069160501755894,0.0557224534250786,0.2041346446100870,0.0622984743749897,0.1230054101851300,0.1128206249820880,0.1141711408785390,0.0818826241378846,0.5082977547836410,0.4401807057780410,0.6510341997748350,0.0428171773569173,0.0451242459998137,0.0521173830593499,7331,448,1,448.0,0.0611103532942299,0,1
161_SMAP_id_18_Sensor_tr_2075_1st_5550.csv,0.0498112683383937,0.0865690171050926,0.0850354018491697,0.0518503615696584,0.0610358925800415,0.0503581647954257,0.0496232261915786,0.1733053291406440,0.0521333618170899,0.066635183795123,0.0640041425753502,0.0376257583404011,0.0462266926642919,0.0842676973328614,0.0918340362499714,0.1150753569875070,0.0470139036978539,0.2384627535213030,0.0570182976679121,0.142862696490967,0.0475533718468378,0.0354525336488921,0.043246700820581,8302,351,1,351.0,0.042278968923151,0,1
162_SMAP_id_19_Sensor_tr_1908_1st_4690.csv,0.0088907932176243,0.0729112519737217,0.0089814050500431,0.040575258171326,0.0729112519737217,0.0142660293577934,0.0729112519737217,0.8329620561630940,0.0729112519737217,0.0730861631207985,0.0729112519737217,0.0730861631207985,0.072833322687455,0.4790049031594970,0.0430408688325349,0.0431391709138801,0.0577198402686445,0.3803121692462740,0.3172880330934690,0.6750514080379190,0.1017108752134620,0.22220194968936,0.0655207166060242,7632,31,1,31.0,0.0040618448637316,0,1
163_SMAP_id_20_Sensor_tr_2051_1st_4575.csv,0.0237646981603489,0.0371263758977139,0.0467850241690643,0.0237601017756336,0.0212672756377407,0.0495102635187665,0.0268428038675326,0.065517277193106,0.0210805497949718,0.0245673406801158,0.0218011721729445,0.0404392823416153,0.0422941986638223,0.0501635420490775,0.0280541661548348,0.0199557244163687,0.0363418250317483,0.0196524345050488,0.0194887531638258,0.0493237256624125,0.0190240404388736,0.029882599088004,0.0222445474135112,8205,186,1,186.0,0.0226691042047532,0,1
165_SMAP_id_22_Sensor_tr_2129_1st_5000.csv,0.1087097122528620,0.0695404073469472,0.099650492986189,0.1105202646854780,0.058847708818491,0.3379033300265180,0.1495015098091250,0.1993633972824860,0.133380212876142,0.3380207670113690,0.1953175378878150,0.0522703446542659,0.181435221389058,0.1251067993508950,0.1222792495582690,0.056859726756058,0.0679902980736685,0.0371146915994008,0.0397716595540846,0.2207614520033780,0.0510974193814069,0.0522709229420251,0.0604331598443309,8516,508,2,254.0,0.059652418976045,0,1
166_SMAP_id_23_Sensor_tr_1113_1st_1890.csv,0.6135295169434030,0.6171706941869970,0.6242174055868340,0.6135295169434030,0.5893751117523660,0.0116473460743972,0.4974485391274930,0.9425094106268030,0.5220175483417870,0.5466806408783100,0.6438840811227210,0.0821326027405826,0.6135295169434030,0.7766457157643590,0.8329563382334040,0.5939601691116300,0.0096693871674708,0.4225677681841290,0.4677901099871300,0.0231791840580022,0.2043424515828910,0.2120431232040490,0.2373469449794330,4453,41,1,41.0,0.0092072759937121,0,1
167_SMAP_id_24_Sensor_tr_2094_1st_5600.csv,0.0980425606270983,0.0404953026449814,0.0549275176341824,0.0758950406332541,0.0223494277105365,0.024371379335339,0.0719817288549365,0.9063260656363410,0.0193726959429762,0.0208516007618586,0.0719167452556877,0.0059510092399589,0.0213686650682878,0.102867915397502,0.0840805290932417,0.0510380401641363,0.0276629227402576,0.0095059132313239,0.0069341280208618,0.1104210865734730,0.0122367831184287,0.0130620659823591,0.0236169162094631,8376,41,1,41.0,0.0048949379178605,0,1
168_SMAP_id_25_Sensor_tr_1998_1st_2098.csv,0.0312449763571636,0.0335204646425506,0.0333819741945621,0.0417749222663248,0.0442979728146795,0.0324361740949562,0.0403293197950484,0.1803305902545120,0.028479417404563,0.0443269249368883,0.0288541454296249,0.0364084400466035,0.0421485685424487,0.0586396319507997,0.041130620294862,0.0353660756811807,0.0470678046916915,0.1453995365542070,0.153250505281185,0.1293431822045130,0.1535937418822330,0.0473693017877972,0.0563084991298562,8579,184,2,92.0,0.0214477211796246,0,1
169_SMAP_id_26_Sensor_tr_1811_1st_4510.csv,0.0185297073298605,0.0185297073298605,0.030646624523319,0.030646624523319,0.0307892028411563,0.0165002946604731,0.030646624523319,0.0701053747057663,0.0184655545644713,0.030646624523319,0.030646624523319,0.0306617952435547,0.0306567355429383,0.0969071940736819,0.0580438674179773,0.0176987480531742,0.024757661759119,0.0884119535330694,0.0832365528995848,0.0822068496113059,0.2439611665747790,0.0194575280144369,0.0502398755681554,7244,81,1,81.0,0.0111816675869685,0,1
170_SMAP_id_27_Sensor_tr_2160_1st_4690.csv,0.0184858923513765,0.0316383803032186,0.0190748193536282,0.0293442611424376,0.0317588470667227,0.0273595750161005,0.0334640503247682,0.0306862129733671,0.0176012378194596,0.0272180145770821,0.0234924170703745,0.0269680337962491,0.0324288680441563,0.0181524647086238,0.0160779057604298,0.0333643531506808,0.0151882243973044,0.0139483693771782,0.0146090136223163,0.0165923768127723,0.0200470983840004,0.0200554987768136,0.0234159247553982,8640,85,1,85.0,0.0098379629629629,0,1
171_SWaT_id_1_Sensor_tr_3749_1st_9522.csv,0.3052735310117490,0.1639809671818210,0.2412161403973450,0.2450256768692130,0.3776896045111790,0.5393656155606260,0.1381036892301640,0.1619978662093060,0.1625394463967880,0.1556049758228630,0.1939319064901060,0.1362993704103310,0.6071858744094810,0.3375658636222920,0.2149817336596820,0.2133422214640610,0.1705262232250800,0.2053349667095030,0.205274817263395,0.372797773627866,0.1641094368750330,0.1705782846395190,0.147609423650285,14996,1986,6,331.0,0.1324353160842890,0,1
172_SWaT_id_2_Sensor_tr_23700_1st_23800.csv,0.4652240319517220,0.1343907604033910,0.6568450199025840,0.3563234133184340,0.5101914717266190,0.536063473711538,0.0914284019204549,0.1562180091798420,0.4575188228900660,0.4286673690806010,0.4515024701556690,0.1060373967001980,0.543700196098293,0.4729643594288020,0.0977223434481087,0.0950580677071845,0.1908377357217010,0.0952620221649667,0.0951924841809319,0.498868759512399,0.1073554505188280,0.1229555933476620,0.085601346291201,399919,50118,27,1856.2222222222200,0.1253203773764190,0,1
173_GECCO_id_1_Sensor_tr_16165_1st_16265.csv,0.0374456467842854,0.1299038433628230,0.201533447872178,0.0359987140064971,0.0382109169272361,0.0325545047774744,0.1095360745088550,0.0553990777335891,0.0367993733240345,0.0342733162763382,0.0410840326953285,0.0158936490429393,0.0494870116431745,0.0333674638000686,0.0192103732304205,0.0195306383906112,0.0219557179103958,0.0211393434032194,0.021138850975258,0.0347408687026317,0.0349972489874503,0.0325506133675805,0.0356652140804635,138521,1726,51,33.84313725490200,0.0124602045899177,0,1
174_Exathlon_id_1_Facility_tr_10766_1st_12590.csv,0.1331131817809190,0.1808687016805630,0.913067837393432,0.1086043216912070,0.9734193654003290,0.9946775325196140,0.1603801427955620,0.2372750708247490,0.1389115849169340,0.9750881422842630,0.2284390090770520,0.9058110982138320,0.9969549314454000,0.9803325538531450,0.9679599275222130,0.1271588226517990,0.1269040568220840,0.9848826512367570,0.9848826512367570,0.9296980084015900,0.4865547072956670,0.7019196462056180,0.7389435973223490,43066,5437,3,1812.3333333333300,0.1262480843356710,0,1
175_Exathlon_id_2_Facility_tr_10684_1st_10784.csv,0.8457322819403270,0.1256463731432500,0.9435849273985750,0.9029059567009930,0.9561353258724140,0.9596687129320800,0.8536524274895020,0.8956711113913520,0.9354885457770090,0.9572341132943120,0.8301966266172680,0.0445956267211824,0.968554844263991,0.1280732484391300,0.0439137469123738,0.04393422501783,0.0818600129693648,0.0439343885330664,0.0439452615178443,0.342818166060637,0.0645239206723338,0.0595025146575695,0.0529631570812455,46656,3787,4,946.75,0.0811685528120713,0,1
176_Exathlon_id_3_Facility_tr_10766_1st_12590.csv,0.3250818301962020,0.2091178418234580,0.934996332702266,0.3979901830936900,0.9533992632906910,0.7109945649262380,0.2443800327502160,0.1742612989411440,0.7937512884868970,0.9786652343604000,0.2261146151019380,0.9764603099709380,0.996369093529224,0.954481012762486,0.968617787086018,0.13309679743967,0.129906521737761,0.9836468386851680,0.9836468386851680,0.944665876478612,0.4802430031070600,0.7553001644225400,0.6805090133131310,43066,5437,3,1812.3333333333300,0.1262480843356710,0,1
177_Exathlon_id_4_Facility_tr_11665_1st_13484.csv,0.1832942876562440,0.1407137734861470,0.9506364523232260,0.1087859630900610,0.8551140276589440,0.977763328141098,0.3142123851367070,0.4744251141159100,0.0943604831400652,0.8556622890090340,0.3805612464542830,0.7805195808651910,0.9829580870729270,0.8731226810702010,0.8750348285299800,0.0638883918818578,0.0646286819764421,0.9362271799084980,0.9362271799084980,0.0341308048470634,0.4841270419333510,0.6480509702663010,0.6721783377044720,46660,2928,3,976.0,0.0627518216888126,0,1
179_Exathlon_id_6_Facility_tr_11665_1st_13484.csv,0.2572683692083170,0.1581914257926970,0.8371243529299,0.1954737730554800,0.6909013601052250,0.4090589430338870,0.4816615775505800,0.3719532087207020,0.1590450433360940,0.8666916567077560,0.2729719629734200,0.8887032009027590,0.985170460968416,0.4055861020160780,0.8535185779108670,0.067405848290614,0.0667889668413392,0.9060666267855260,0.9060666267855260,0.3076620178510840,0.5376416139432560,0.7479735667184930,0.6563046371516370,46660,2928,3,976.0,0.0627518216888126,0,1
180_Exathlon_id_7_Facility_tr_10766_1st_12590.csv,0.3250818301962020,0.2091178418234580,0.934996332702266,0.3979901830936900,0.9533992632906910,0.7109945649262380,0.2443800327502160,0.1730183024525700,0.7937512884868970,0.9786652343604000,0.2329507919917370,0.9764603099709380,0.9877810016800210,0.955158242053588,0.968617787086018,0.1268436739147120,0.1301735766232190,0.9836468386851680,0.9836468386851680,0.9815333413581870,0.5371730976167030,0.7792210087726020,0.6810413760632090,43066,5437,3,1812.3333333333300,0.1262480843356710,0,1
181_Exathlon_id_8_Facility_tr_11663_1st_13482.csv,0.2682663502118350,0.1024945721448070,0.9670410033563990,0.1060425767415080,0.7522376844889450,0.9824009980645090,0.4896362820069570,0.2819392306488130,0.0904318312620885,0.5487901418091600,0.8087943704834790,0.4077282039550370,0.9752845311430860,0.8710177886446010,0.808956824210457,0.0632665166818117,0.0631595667333285,0.8519253551506380,0.8519253551506380,0.30782967494966,0.3626488852370080,0.4748572116664310,0.5147346262244790,46655,2948,3,982.6666666666670,0.063187225377773,0,1
182_Exathlon_id_9_Facility_tr_10766_1st_12590.csv,0.3250818301962020,0.2091178418234580,0.934996332702266,0.3979901830936900,0.9533992632906910,0.7109945649262380,0.2443800327502160,0.1742245263554970,0.7937512884868970,0.9786652343604000,0.255634053574197,0.9764603099709380,0.996972161209642,0.9434657232151470,0.968617787086018,0.1298780076872230,0.1293455883319930,0.9836468386851680,0.9836468386851680,0.0849427519579101,0.47983219792422,0.757648488639609,0.6813023137711700,43066,5437,3,1812.3333333333300,0.1262480843356710,0,1
183_Exathlon_id_10_Facility_tr_11665_1st_13484.csv,0.1832942876562440,0.1407137734861470,0.9506364523232260,0.1087859630900610,0.8551140276589440,0.977763328141098,0.3142123851367070,0.4745078017280530,0.0943604831400652,0.8556622890090340,0.3335367421180600,0.7805195808651910,0.9899663455641970,0.8865230169432020,0.8750348285299800,0.064246322213849,0.0647292331928476,0.9362271799084980,0.9362271799084980,0.9441699662719470,0.4400806916048150,0.6251631867071710,0.657630854705968,46660,2928,3,976.0,0.0627518216888126,0,1
184_Exathlon_id_11_Facility_tr_11665_1st_13484.csv,0.1832942876562440,0.1407137734861470,0.9506364523232260,0.1087859630900610,0.8551140276589440,0.977763328141098,0.3142123851367070,0.4744263424094040,0.0943604831400652,0.8556622890090340,0.3511773758241050,0.7805195808651910,0.9858995456844890,0.8997308045886850,0.8750348285299800,0.0630993795475511,0.064700827428937,0.9362271799084980,0.9362271799084980,0.933193550001886,0.4665631263054700,0.6622564702140710,0.6404360565097220,46660,2928,3,976.0,0.0627518216888126,0,1
185_Exathlon_id_12_Facility_tr_11665_1st_13484.csv,0.1832942876562440,0.1407137734861470,0.9506364523232260,0.1087859630900610,0.8551140276589440,0.977763328141098,0.3142123851367070,0.4720182349806810,0.0943604831400652,0.8556622890090340,0.3996626330868030,0.7805195808651910,0.9873019734923030,0.8732303879895030,0.8750348285299800,0.0641934499923678,0.0631410290251009,0.9362271799084980,0.9362271799084980,0.8766359824772800,0.4676005749133640,0.6831951609948860,0.6211224815207910,46660,2928,3,976.0,0.0627518216888126,0,1
186_Exathlon_id_13_Facility_tr_10766_1st_12590.csv,0.3250818301962020,0.2091178418234580,0.934996332702266,0.3979901830936900,0.9533992632906910,0.7109945649262380,0.2443800327502160,0.1742236314974470,0.7937512884868970,0.9786652343604000,0.2691488534943620,0.9764603099709380,0.9970445719458480,0.9241807911457890,0.968617787086018,0.1313463881756020,0.1301040824138520,0.9836468386851680,0.9836468386851680,0.9874233695739790,0.4391863884174470,0.7569027120020260,0.6556098483065240,43066,5437,3,1812.3333333333300,0.1262480843356710,0,1
187_Exathlon_id_14_Facility_tr_6193_1st_6293.csv,0.811625679530858,0.1848552749635410,0.9730189458109220,0.5983594543186740,0.4997256511745710,0.9558733247878970,0.6416831049366970,0.994698653940672,0.9120546522795890,0.9868699539808420,0.952143077455472,0.5079667828903940,0.99519656182468,0.0694780995354257,0.295674725039924,0.1291472823909560,0.1253479285899400,0.0776350641950005,0.077640183833616,0.2162377286920970,0.858899138765833,0.8409535184981170,0.8321032377174810,46660,5817,6,969.5,0.1246678096870980,0,1
188_Exathlon_id_15_Facility_tr_12538_1st_12638.csv,0.4704636278796530,0.1707651229909830,0.983149572376642,0.3240129558654610,0.6445524162558650,0.5398408448297120,0.2123409316719850,0.3484140155337090,0.2747837831879710,0.914999035006672,0.2416506842291070,0.9296514493070510,0.4950364946857980,0.3214720169156710,0.927401304180238,0.1266718539040260,0.1274783883094440,0.9484226992565050,0.9484226791672290,0.9020760613315490,0.2963943405984870,0.6591643962147870,0.5098846866422770,129197,16105,9,1789.4444444444400,0.12465459724297,0,1
189_Exathlon_id_16_Facility_tr_11663_1st_13482.csv,0.2682663502118350,0.1024945721448070,0.9670410033563990,0.1060425767415080,0.7522376844889450,0.9824009980645090,0.4896362820069570,0.2820243032256750,0.0904318312620885,0.5487901418091600,0.7153004775462590,0.4077282039550370,0.9696108639656260,0.8856061786409510,0.808956824210457,0.0634695432547822,0.0636258068360324,0.8519253551506380,0.8519253551506380,0.6325262702569810,0.3499992966750540,0.501849321341549,0.5223157922761130,46655,2948,3,982.6666666666670,0.063187225377773,0,1
190_Exathlon_id_17_Facility_tr_12538_1st_12638.csv,0.4704636278796530,0.1707651229909830,0.983149572376642,0.3240129558654610,0.6445524162558650,0.5398408448297120,0.2123409316719850,0.3484199290902270,0.2747837831879710,0.914999035006672,0.3450020742208210,0.9296514493070510,0.4921937046412690,0.3253569334204570,0.927401304180238,0.1281266255115080,0.1298173146503240,0.9484226992565050,0.9484226791672290,0.9464601734380000,0.3070996113144790,0.6403432092466320,0.481409923716513,129197,16105,9,1789.4444444444400,0.12465459724297,0,1
191_Exathlon_id_18_Facility_tr_11665_1st_13484.csv,0.1832942876562440,0.1407137734861470,0.9506364523232260,0.1087859630900610,0.8551140276589440,0.977763328141098,0.3142123851367070,0.4718676740730810,0.0943604831400652,0.8556622890090340,0.3541384980943590,0.7805195808651910,0.9910129258664190,0.8902318234821910,0.8750348285299800,0.0643564890936422,0.065019161613454,0.9362271799084980,0.9362271799084980,0.7853782181255580,0.5004880231848780,0.6448299248182860,0.6277075122187530,46660,2928,3,976.0,0.0627518216888126,0,1
192_Exathlon_id_19_Facility_tr_11665_1st_13484.csv,0.1832942876562440,0.1407137734861470,0.9506364523232260,0.1087859630900610,0.8551140276589440,0.977763328141098,0.3142123851367070,0.4744393267595110,0.0943604831400652,0.8556622890090340,0.3903401451280330,0.7805195808651910,0.9908507337683540,0.8800162687539490,0.8750348285299800,0.0638081670142266,0.063962650752705,0.9362271799084980,0.9362271799084980,0.7828410341988010,0.4269875396345940,0.6330459181520680,0.6477279694476980,46660,2928,3,976.0,0.0627518216888126,0,1
193_Exathlon_id_20_Facility_tr_8898_1st_8998.csv,0.8613670008154430,0.0917950576168459,0.930350440280252,0.9079087575069340,0.9156534191838550,0.9703964365493990,0.4095506908111610,0.1500552540273190,0.9106600298652,0.9377194222473950,0.805580975036505,0.0485642312937011,0.9650383020050090,0.1347038127992480,0.0459573107394442,0.0460578052270799,0.1587755565993150,0.0456815297961326,0.0454632013759249,0.6016764592377870,0.0847254994400972,0.0608526310291591,0.0595311383951861,46650,3891,4,972.75,0.0834083601286173,0,1
194_Exathlon_id_21_Facility_tr_6985_1st_7085.csv,0.2400473512298280,0.2466311165061170,0.9928347906841360,0.6555474669323640,0.9328353213523800,0.3741382614236960,0.3026742147136200,0.3361067916184040,0.3358120624380490,0.0833966602755529,0.2181370714815750,0.9103837267364580,0.991686888135113,0.3921641784851080,0.9226846434612660,0.1092976876690430,0.1251964537178800,0.9555758381660780,0.955575906806128,0.9801628511592520,0.3461523632244700,0.6093381064743370,0.4994085659358270,46649,4856,5,971.2,0.1040965508371030,0,1
196_Exathlon_id_23_Facility_tr_11665_1st_13484.csv,0.1832942876562440,0.1407137734861470,0.9506364523232260,0.1087859630900610,0.8551140276589440,0.977763328141098,0.3142123851367070,0.4744263424094040,0.0943604831400652,0.8556622890090340,0.3800935612819680,0.7805195808651910,0.9726851133335360,0.8779487934320130,0.8750348285299800,0.06431885239527,0.063926767470377,0.9362271799084980,0.9362271799084980,0.0338969464102373,0.4596603024495980,0.6476444187931360,0.6345191813604890,46660,2928,3,976.0,0.0627518216888126,0,1
197_Exathlon_id_24_Facility_tr_10766_1st_12590.csv,0.3250818301962020,0.2091178418234580,0.934996332702266,0.3979901830936900,0.9533992632906910,0.7109945649262380,0.2443800327502160,0.174260765621841,0.7937512884868970,0.9786652343604000,0.2208259257074380,0.9764603099709380,0.996869525419762,0.9347845600787950,0.968617787086018,0.1297659818302690,0.1301973588181460,0.9836468386851680,0.9836468386851680,0.9800239643701410,0.486119922390796,0.7629596709615720,0.6690161117436130,43066,5437,3,1812.3333333333300,0.1262480843356710,0,1
198_Exathlon_id_25_Facility_tr_12538_1st_12638.csv,0.4704636278796530,0.1707651229909830,0.983149572376642,0.3240129558654610,0.6445524162558650,0.5398408448297120,0.2123409316719850,0.3485109509048170,0.2747837831879710,0.914999035006672,0.3352945353938400,0.9296514493070510,0.5339815815220130,0.3338659312546590,0.927401304180238,0.1281945622713120,0.12829981705992,0.9484226992565050,0.9484226791672290,0.933581614446218,0.3323994188639770,0.6852540067535220,0.4761325381479520,129197,16105,9,1789.4444444444400,0.12465459724297,0,1
199_Exathlon_id_26_Facility_tr_12538_1st_12638.csv,0.4704636278796530,0.1707651229909830,0.983149572376642,0.3240129558654610,0.6445524162558650,0.5398408448297120,0.2123409316719850,0.3485171249246300,0.2747837831879710,0.914999035006672,0.3857167947199350,0.9296514493070510,0.4919622364070450,0.3353892892589450,0.927401304180238,0.1298163954663510,0.1270194722953830,0.9484226992565050,0.9484226791672290,0.0690112018366248,0.3104972624581080,0.6571954332659400,0.5009264330381790,129197,16105,9,1789.4444444444400,0.12465459724297,0,1
200_Exathlon_id_27_Facility_tr_10766_1st_12590.csv,0.3250818301962020,0.2091178418234580,0.934996332702266,0.3979901830936900,0.9533992632906910,0.7109945649262380,0.2443800327502160,0.1781592479454520,0.7937512884868970,0.9786652343604000,0.2212613553750300,0.9764603099709380,0.9969220198074460,0.9530243698157900,0.968617787086018,0.1299318861444510,0.1289747132992280,0.9836468386851680,0.9836468386851680,0.9725429714545500,0.527335604449481,0.7816114359105260,0.6979517801171590,43066,5437,3,1812.3333333333300,0.1262480843356710,0,1